,시도,시군구,육교명,엘리베이터,경사로,점자블럭,리프트,턱,핸드레일,위도,경도,보조시설유무
0,서울특별시,영등포구,우신초교 앞 보도육교,N,N,Y,N,N,Y,37.509263,126.910801,TW
1,서울특별시,영등포구,영등포역 횡단 보도육교,Y,N,N,N,N,N,37.513895,126.903695,A
2,서울특별시,영등포구,문래 보도육교,Y,N,N,N,N,N,37.520246,126.882018,A
3,서울특별시,영등포구,양평1 보도육교,Y,N,N,N,N,N,37.526193,126.883081,A
4,서울특별시,영등포구,양평2 보도육교,Y,N,N,N,N,N,37.533447,126.891821,A
5,서울특별시,영등포구,도림 보도육교,N,N,N,N,Y,N,37.508955,126.892771,E
6,서울특별시,영등포구,선유도 기존보도육교,Y,N,N,N,N,N,37.541546,126.895135,A
7,경상남도,김해시,지방도1042호선 보도육교,Y,N,N,N,N,N,35.2369036,128.8378556,A
8,경상남도,거제시,고현초 통학육교,N,N,N,N,N,N,34.87372391,128.6288323,Z
9,경상남도,거제시,신현중뒤 육교,N,Y,N,N,N,N,34.88860912,128.6167069,B
10,경상남도,거제시,양정육교,N,N,N,N,N,N,34.89197665,128.6358539,Z
11,경상남도,거제시,옥포육교,N,N,N,N,N,N,34.88722536,128.6931115,Z
12,경상남도,거제시,장평육교,Y,N,N,N,N,N,34.88944152,128.6094016,A
13,경상남도,거제시,중곡동육교,Y,N,N,N,N,N,34.89303358,128.6302802,A
14,경기도,부천시,중흥보도육교,Y,N,N,N,N,N,37.50573381,126.7758799,A
15,대구광역시,북구,한강육교,N,Y,N,N,N,N,35.896916,128.513164,B
16,경상북도,영천시,동부초교 보도육교,N,N,N,N,N,N,35.97821931,128.9601124,Z
17,경상북도,영천시,단포초교 보도육교,N,N,N,N,N,N,35.9810174,128.97484,Z
18,인천광역시,동구,장천리보도육교,N,N,N,N,N,N,37.47039456,126.6390423,Z
19,인천광역시,남동구,주원철도,Y,N,N,N,N,N,37.464795,126.698904,A
20,인천광역시,남동구,이화아파트,N,N,N,N,N,N,37.468139,126.6905935,Z
21,인천광역시,남동구,남동정수장,N,Y,N,N,N,N,37.45042788,126.7398942,B
22,인천광역시,남동구,남동관문교,N,Y,N,N,N,N,37.44730181,126.7347827,B
23,인천광역시,남동구,도림,N,Y,N,N,N,N,37.421407,126.729529,B
24,인천광역시,남동구,논현1택지,N,Y,N,N,N,N,37.40983956,126.7134086,B
25,인천광역시,남동구,운연동 육교,N,Y,N,N,N,N,37.44354495,126.7656959,B
26,인천광역시,남동구,신월초교,N,Y,N,N,N,N,37.449083,126.723996,B
27,인천광역시,남동구,논현2택지1보도육교,N,Y,N,N,N,N,37.40399921,126.7227649,B
28,인천광역시,남동구,논현(소래초),N,Y,N,N,N,N,37.40554215,126.7362082,B
29,,,양동보도육교,N,N,N,N,N,N,37.41962621,127.7550837,Z
30,인천광역시,남동구,논현택지2보도육교,Y,N,N,N,N,N,37.40360418,126.7088091,A
31,인천광역시,남동구,해안도로,Y,N,N,N,N,N,37.384457,126.7052872,A
32,인천광역시,남동구,승기천 횡단,N,N,N,N,N,N,37.4109351,126.6894333,Z
33,부산광역시,해운대구,세상2보도교,N,N,N,N,N,N,35.17074922,129.1794054,Z
34,부산광역시,해운대구,세상1보도교,N,N,N,N,N,N,35.17309632,129.175166,Z
35,부산광역시,해운대구,중앙보도교,N,Y,N,N,N,N,35.17764981,129.1684825,B
36,부산광역시,해운대구,해강초등육교,N,N,N,N,N,N,35.16426707,129.1345476,Z
37,부산광역시,해운대구,무지개다리,N,N,N,N,N,N,35.17536901,129.1690365,Z
38,부산광역시,해운대구,춘천1 보도교,N,N,N,N,N,N,35.17782916,129.1685312,Z
39,부산광역시,해운대구,춘천2 보도교,N,N,N,N,N,N,35.17538631,129.1680712,Z
40,부산광역시,해운대구,나무를 타는 아이,Y,N,N,N,N,N,35.16557349,129.1381373,A
41,인천광역시,서구,문화회관보도육교,N,Y,N,N,N,N,37.515017,126.6799321,B
42,인천광역시,서구,한신빌리지보도육교,N,Y,N,N,N,N,37.520034,126.681253,B
43,인천광역시,서구,백석초교앞보도육교,N,N,N,N,N,N,37.577733,126.675285,Z
44,인천광역시,서구,당하보도육교,N,Y,N,N,N,N,37.594599,126.687675,B
45,인천광역시,서구,원당보도육교,N,Y,N,N,N,N,37.592208,126.704381,B
46,인천광역시,서구,검단초교앞보도육교,N,Y,N,N,N,N,37.609398,126.670269,B
47,인천광역시,서구,충민교,Y,Y,N,N,N,N,37.53603023,126.6548661,TW
48,인천광역시,서구,장경교,Y,Y,N,N,N,N,37.529964,126.654881,TW
49,인천광역시,서구,장숙교,Y,Y,N,N,N,N,37.536123,126.642651,TW
50,강원도,강릉시,교동택지육교,N,Y,N,N,N,N,37.76463753,128.8769489,B
51,강원도,강릉시,유천육교,N,N,Y,N,N,N,37.76001124,128.8711276,C
52,경상남도,김해시,구산동 보도육교,Y,N,N,N,N,N,35.252044,128.867447,A
53,경상남도,김해시,조은금강병원앞 보도육교,Y,N,N,N,N,N,35.264838,128.863084,A
54,경상남도,김해시,부영6차아파트앞 보도육교,Y,N,N,N,N,N,35.260544,128.865325,A
55,경상남도,김해시,우암초등학교앞 보도육교,Y,N,N,N,N,N,35.24435875,128.8642617,A
56,경상남도,김해시,금산초등학교앞 보도육교,N,N,N,N,N,N,35.29172115,128.7078957,Z
57,인천광역시,서구,건지보도육교,N,Y,N,N,N,N,37.491498,126.675333,B
58,인천광역시,서구,가좌보도육교,N,Y,N,N,N,N,37.495707,126.675578,B
59,인천광역시,서구,거북시장보도육교,N,Y,N,N,N,N,37.503022,126.676031,B
60,인천광역시,서구,석남보도육교,N,Y,N,N,N,N,37.509741,126.676415,B
61,인천광역시,서구,네개동보도육교,N,Y,N,N,N,N,37.513385,126.676626,B
62,인천광역시,서구,콜롬비아보도육교,N,Y,N,N,N,N,37.517452,126.677363,B
63,인천광역시,서구,서인천IC보도육교,N,Y,N,N,N,N,37.522883,126.684063,B
64,인천광역시,서구,원적산터널보도육교,N,Y,N,N,N,N,37.505917,126.678566,B
65,경기도,광주시,곤지암육교,N,N,N,N,N,N,37.347185,127.348506,Z
66,경기도,광주시,삼동역육교,N,N,N,N,N,N,37.409177,127.204865,Z
67,전라북도,완주군,상관육교,N,N,N,N,N,N,35.71448682,127.2363649,Z
68,전라북도,완주군,용진육교,N,N,N,N,N,N,35.90540522,127.1568122,Z
69,전라북도,완주군,소양육교,N,N,N,N,N,N,35.85608006,127.2557269,Z
70,전라북도,완주군,은하육교,N,N,N,N,N,N,35.95522667,127.1437354,Z
71,전라북도,완주군,봉동육교,N,N,N,N,N,N,35.93817305,127.1601888,Z
72,전라북도,완주군,석전육교,N,N,N,N,N,N,35.92108775,127.1044345,Z
73,전라북도,완주군,갈산하늘다리(보도육교),Y,N,N,N,N,N,35.8190696,127.0441221,A
74,경기도,수원시,호수공원육교,Y,Y,N,N,N,N,37.27831028,127.0681819,TW
75,경기도,수원시,수원역고가육교,N,N,N,N,N,N,37.26295993,127.0024333,Z
76,경기도,수원시,푸른숲육교,N,Y,N,N,N,N,37.26579489,126.9504993,B
77,경기도,수원시,참나래육교,N,Y,N,N,N,N,37.27202406,126.9457173,B
78,경기도,수원시,가온육교,N,Y,N,N,N,N,37.2736145,126.9444852,B
79,경기도,수원시,자전거횡단육교1,N,N,N,N,N,N,37.2769853,126.9490094,Z
80,경기도,수원시,자전거횡단육교2,N,N,N,N,N,N,37.26972344,126.9517635,Z
81,경기도,수원시,자전거횡단육교3,N,N,N,N,N,N,37.26014366,126.9520027,Z
82,경기도,수원시,달맞이육교,N,N,N,N,N,N,37.24469709,127.0194352,Z
83,경기도,수원시,서호육교,N,Y,N,N,N,N,37.28135952,126.9925868,B
84,경기도,수원시,정천정문육교,N,Y,N,N,N,N,37.2868358,126.9777941,B
85,경기도,수원시,정천후문육교,N,Y,N,N,N,N,37.2884214,126.9790385,B
86,경기도,수원시,애경육교,Y,N,N,N,N,N,37.2659137,127.0016871,A
87,경기도,수원시,효성육교,N,Y,N,N,N,N,37.28347335,127.0393624,B
88,경기도,수원시,창룡육교,N,Y,N,N,N,N,37.28720316,127.0269927,B
89,경기도,수원시,청소년육교,N,Y,N,N,N,N,37.2739591,127.0371102,B
90,경기도,수원시,인도래교,N,Y,N,N,N,N,37.26931703,127.034412,B
91,경기도,수원시,효원육교,Y,N,N,N,N,N,37.25939225,127.0364507,A
92,경기도,수원시,큰말육교(청명육교),N,Y,N,N,N,N,37.25686099,127.0744662,B
93,경기도,수원시,신나무실육교,Y,N,N,N,N,N,37.25149899,127.0702949,A
94,경기도,수원시,황골육교,N,Y,N,N,N,N,37.2664538,127.081651,B
95,경기도,수원시,느티나무육교,N,N,N,N,N,N,37.25331525,127.0739335,Z
96,경기도,수원시,효사랑육교,N,Y,N,N,N,N,37.26153322,127.0395242,B
97,경기도,수원시,망포육교,N,N,Y,N,N,N,37.24116294,127.0653941,C
98,경기도,수원시,먼내보도교,N,N,N,N,N,N,37.26713882,127.058579,Z
99,경기도,수원시,소화육교,Y,N,N,N,N,N,37.27814864,127.0513981,A
100,강원도,동해시,웰빙센터앞 보도육교,N,Y,N,N,N,N,37.515011,129.1041113,B
101,강원도,동해시,동호보도육교,N,N,N,N,N,N,37.5413148,129.102151,Z
102,강원도,동해시,천곡보도육교,N,N,N,N,N,N,37.527552,129.105132,Z
103,경상북도,김천시,다수육교,N,N,N,N,N,N,36.126111,128.077782,Z
104,경상북도,김천시,지좌2육교,N,N,N,N,N,N,36.118764,128.147093,Z
105,경상북도,김천시,신촌육교,N,N,N,N,N,N,36.141117,128.116673,Z
106,경상북도,김천시,신음육교,N,N,N,N,N,N,36.125354,128.169147,Z
107,경상북도,김천시,평화육교,Y,N,N,N,N,N,36.122942,128.115125,A
108,경상북도,김천시,신기육교,Y,N,N,N,N,N,36.135036,128.113991,A
109,경기도,수원시,대평육교,N,Y,N,N,N,N,37.29743078,126.9898152,B
110,경기도,수원시,연꽃육교,N,Y,N,N,N,N,37.2965283,126.9954537,B
111,경기도,수원시,sk보행육교,Y,N,N,N,N,N,37.3095764,126.9864004,A
112,경기도,수원시,천천보행육교,Y,N,N,N,N,N,37.29877142,126.981574,A
113,경기도,수원시,고색육교,N,N,N,N,N,N,37.25156123,126.9783835,Z
114,경기도,수원시,효정육교,N,Y,N,N,N,N,37.25513574,127.0349022,B
115,경기도,수원시,구운육교,N,Y,N,N,N,N,37.27874842,126.9758428,B
116,경기도,수원시,농수산물센터육교,Y,N,N,N,N,N,37.2857316,126.9687174,A
117,경기도,수원시,서수원육교,Y,N,N,N,N,N,37.28262997,126.9701183,A
118,경기도,수원시,궁촌육교,Y,Y,N,N,N,N,37.24687115,127.0362901,TW
119,경기도,수원시,권선3지구육교,N,Y,N,N,N,N,37.24853085,127.0388384,B
120,경기도,수원시,상구운육교,Y,N,N,N,N,N,37.28301082,126.9667019,A
121,경기도,수원시,오현육교,Y,N,N,N,N,N,37.24655721,126.9684672,A
122,경기도,수원시,솔대육교,Y,N,N,N,N,N,37.2430291,126.9784643,A
123,경기도,수원시,벌터보도육교,Y,N,N,N,N,N,37.26631532,126.993018,A
124,경기도,수원시,동그라미육교,Y,N,N,N,N,N,37.2455422,127.0388226,A
125,경기도,오산시,우림아파트앞 육교,N,Y,N,N,N,N,37.131121,127.072106,B
126,경기도,오산시,가수초등학교앞 육교,N,Y,N,N,N,N,37.147519,127.048101,B
127,경기도,오산시,오산천 횡단 보도육교,N,N,N,N,N,N,37.152578,127.064301,Z
128,경기도,오산시,고현초등학교앞 보도육교,N,Y,N,N,N,N,37.132856,127.085193,B
129,경기도,오산시,세교파출소앞 보도육교,Y,N,Y,N,N,N,37.180454,127.043843,TW
130,경기도,오산시,금암초앞 보도육교(8단지 옆),Y,N,Y,N,N,N,37.178713,127.045499,TW
131,경기도,오산시,수청초등학교앞 보도육교,Y,N,Y,N,N,N,37.170033,127.056151,TW
132,경기도,오산시,16단지앞(국도1) 보도육교,Y,N,Y,N,N,N,37.172774,127.062813,TW
133,경기도,오산시,오산대역(국도1) 보도육교,Y,N,Y,N,N,N,37.169115,127.064049,TW
134,경기도,오산시,광성초교앞 보도육교,N,Y,N,N,N,N,37.183341,127.039203,B
135,경기도,오산시,세마보도,N,N,N,N,N,N,37.184697,127.045565,Z
136,경기도,오산시,고인돌 공원 생태육교,N,N,N,N,N,N,37.173731,127.051093,Z
137,경기도,오산시,6단지앞 생태육교,N,N,N,N,N,N,37.173266,127.045171,Z
138,경기도,오산시,8단지앞 생태육교,N,N,N,N,N,N,37.178686,127.045504,Z
139,경기도,오산시,가장산업서북로 생태육교,N,N,N,N,N,N,37.168276,127.032291,Z
140,경기도,오산시,삼미육교,Y,N,Y,N,N,N,37.192029,127.061532,TW
141,서울특별시,금천구,금천 보도교,Y,N,N,N,N,N,37.466615,126.897695,A
142,서울특별시,금천구,석수역 앞 보도육교,Y,N,N,N,N,N,37.43430825,126.903577,A
143,서울특별시,금천구,남서울한양(아)앞 보도육교,Y,N,N,N,N,N,37.447902,126.900726,A
144,서울특별시,금천구,가산한내 보도육교,N,N,Y,N,N,N,37.478621,126.876975,C
145,서울특별시,금천구,독산한내 보도육교,N,Y,N,N,N,N,37.462907,126.890424,B
146,서울특별시,금천구,두산초교앞 보도육교,N,N,Y,N,N,N,37.467552,126.890943,C
147,서울특별시,금천구,한신(아)앞 보도육교,Y,N,N,N,N,N,37.455396,126.888885,A
148,경상남도,양산시,경민아파트 앞 육교,N,N,N,N,N,N,35.3318253,129.0095561,Z
149,경상남도,양산시,대동 황토방 아파트 앞 육교,N,N,N,N,N,N,35.3363751,129.0361453,Z
150,경기도,김포시,양곡육교3,N,Y,N,N,N,N,37.6625476,126.633914,B
151,경기도,김포시,장기육교1,Y,N,N,N,N,N,37.642871,126.664973,A
152,경기도,김포시,장기육교2,Y,N,N,N,N,N,37.641566,126.666898,A
153,경기도,김포시,한가람육교,N,N,N,N,N,N,37.6372701,126.631322,Z
154,경기도,김포시,나비육교,N,N,N,N,N,N,37.641416,126.6301633,Z
155,경기도,김포시,솔터육교,N,N,N,N,N,N,37.6389349,126.636186,Z
156,경기도,김포시,은여울육교,N,N,N,N,N,N,37.6389349,126.636186,Z
157,경기도,김포시,고창육교,Y,N,N,N,N,N,37.6421535,126.656937,A
158,경기도,김포시,수정육교,Y,N,N,N,N,N,37.6475225,126.6774076,A
159,경기도,김포시,호수육교,Y,N,N,N,N,N,37.6514716,126.6285925,A
160,경기도,김포시,은여울공원육교,N,N,N,N,N,N,37.6363621,126.6347321,Z
161,충청남도,예산군,터미널육교,N,Y,N,N,N,N,36.6944597,126.8323637,B
162,서울특별시,관악구,은천초교 앞,N,N,N,N,N,N,37.48611421,126.942719,Z
163,서울특별시,관악구,사당초교 앞,N,N,N,N,N,N,37.4759153,126.9742651,Z
164,서울특별시,관악구,신우초교 앞,N,N,N,N,N,N,37.46326397,126.9325353,Z
165,서울특별시,관악구,도림천보도육교,N,N,N,N,N,N,37.48552868,126.9106002,Z
166,서울특별시,관악구,신림동보라매공원,N,Y,N,N,N,N,37.48867351,126.916324,B
167,서울특별시,관악구,봉현초교앞,N,Y,N,N,N,N,37.49205057,126.957711,B
168,서울특별시,관악구,구암초교앞,N,Y,N,N,N,N,37.48728083,126.9452473,B
169,서울특별시,관악구,관악산~까치산생태통로,N,N,N,N,N,N,37.475479,126.970916,Z
170,경기도,오산시,수청동 육교,N,Y,N,N,N,N,37.1634438,127.0683258,B
171,경기도,오산시,운암 육교,N,Y,N,N,N,N,37.142879,127.074783,B
172,경기도,오산시,성호중고 육교,N,Y,N,N,N,N,37.140295,127.078279,B
173,대구광역시,달서구,대곡육교,N,N,Y,N,N,N,35.80884637,128.5109235,C
174,대구광역시,달서구,용산육교,N,N,N,N,N,N,35.85782234,128.5276413,Z
175,대구광역시,달서구,새방육교,N,N,Y,N,N,N,35.86547932,128.525679,C
176,대구광역시,달서구,달비육교,N,N,Y,N,N,N,35.80771434,128.5521229,C
177,대구광역시,달서구,상화육교,N,N,Y,N,N,N,35.80724491,128.5498193,C
178,대구광역시,달서구,용산지하차도 간이육교,N,N,N,N,N,N,35.85855154,128.5235553,Z
179,대구광역시,달서구,월성육교,N,N,Y,N,N,N,35.83110936,128.5260827,C
180,서울특별시,서대문구,연희초교 앞 보도육교,N,N,N,N,N,N,37.569298,126.933117,Z
181,서울특별시,서대문구,구서울여상 앞 보도육교,N,N,N,N,N,N,37.579836,126.952224,Z
182,서울특별시,서대문구,아현고가 밑 보도육교,N,N,N,N,N,N,37.558799,126.960901,Z
183,서울특별시,서대문구,연대병원 앞 보도육교,Y,N,N,N,N,N,37.560975,126.9418556,A
184,서울특별시,서대문구,홍제초교 앞 보도육교,N,N,N,N,N,N,37.592299,126.9434788,Z
185,서울특별시,서대문구,금화초교 앞 보도육교,N,N,N,N,N,N,37.568541,126.963454,Z
186,서을특별시,서대문구,미동초교 앞 보도육교,N,N,N,N,N,N,37.5636687,126.964564,Z
187,충청북도,충주시,호암지육교,N,Y,N,N,N,N,36.964295,127.924624,B
188,충청북도,충주시,목행육교,N,N,N,N,N,N,37.00376,127.916597,Z
189,충청북도,충주시,달천초교앞육교,N,N,N,N,N,N,36.962288,127.879542,Z
190,충청북도,충주시,기업도시 육교 1호,Y,N,N,N,N,N,37.014285,127.826974,A
191,충청북도,충주시,기업도시 육교 2호,Y,N,N,N,N,N,37.006544,127.815413,A
192,경기도,김포시,사우육교1,N,Y,N,N,N,N,37.621081,126.717038,B
193,경기도,김포시,사우육교2,N,Y,N,N,N,N,37.619587,126.719212,B
194,경기도,김포시,마송육교1,N,Y,N,N,N,N,37.686773,126.590259,B
195,경기도,김포시,마송육교2,N,Y,N,N,N,N,37.687265,126.590619,B
196,경기도,김포시,양곡육교1,N,Y,N,N,N,N,37.6625476,126.633914,B
197,경기도,김포시,양곡육교2,N,Y,N,N,N,N,37.6560249,126.6306603,B
198,경상북도,구미시,구평육교,N,N,N,N,N,N,36.093818,128.435008,Z
199,경상북도,구미시,금오육교,Y,N,N,N,N,N,36.124452,128.336875,A
200,경상북도,구미시,도량ECO다리,N,N,N,N,N,N,36.152645,128.320291,Z
201,경상북도,구미시,도송육교,N,N,N,N,N,N,36.14793071,128.3233597,Z
202,경상북도,구미시,봉곡ECO다리,N,N,N,N,N,N,36.152278,128.324305,Z
203,경상북도,구미시,봉곡육교,N,N,N,N,N,N,36.151061,128.316401,Z
204,경상북도,구미시,비산육교,N,N,N,N,N,N,36.119547,128.373691,Z
205,경상북도,구미시,삼성육교,Y,N,N,N,N,N,36.107825,128.417745,A
206,경상북도,구미시,신평육교,N,N,N,N,N,N,36.11991104,128.3590587,Z
207,경상북도,구미시,원평철도 육교,N,N,N,N,N,N,36.12996388,128.3278706,Z
208,경상북도,구미시,인동육교,N,N,N,N,N,N,36.107931,128.417844,Z
209,인천광역시,미추홀구,제물포보도육교,N,N,N,N,N,N,37.466908,126.662483,Z
210,인천광역시,미추홀구,고속종점보도육교,N,N,N,N,N,N,37.45661955,126.6358522,Z
211,인천광역시,미추홀구,낙섬사거리보도육교,N,Y,N,N,N,N,37.45127311,126.631758,B
212,인천광역시,미추홀구,관교보도육교,N,Y,N,N,N,N,37.445337,126.690402,B
213,인천광역시,미추홀구,주안동 보도육교,N,N,N,N,N,N,37.46469947,126.686009,Z
214,인천광역시,미추홀구,용현동보도육교,N,N,N,N,N,N,37.45485315,126.661491,Z
215,인천광역시,미추홀구,숭의보도육교,N,N,N,N,N,N,37.466539,126.649479,Z
216,인천광역시,미추홀구,도화동보도육교,N,N,N,N,N,N,37.46559497,126.671107,Z
217,인천광역시,미추홀구,인천터미널경관육교,N,N,N,N,N,N,37.44250623,126.7015187,Z
218,대구광역시,달서구,성서육교,N,N,Y,N,N,N,35.85057,128.5133674,C
219,대구광역시,달서구,감삼육교,N,N,Y,N,N,N,35.84917998,128.5451459,C
220,대구광역시,달서구,두류육교,N,N,Y,N,N,N,35.85754917,128.5566095,C
221,대구광역시,달서구,송현육교,N,N,Y,N,N,N,35.82817003,128.5601883,C
222,경기도,이천시,오천보도육교,Y,N,Y,N,N,N,37.25601404,127.3511666,TW
223,경기도,이천시,수광보도육교,Y,N,Y,N,N,N,37.30503377,127.4049025,TW
224,경기도,이천시,사음보도육교,N,N,N,N,N,N,37.29118664,127.4250777,Z
225,경기도,이천시,관고보도육교,N,N,N,N,N,N,37.27713448,127.4348064,Z
226,경기도,이천시,중리보도육교,N,N,N,N,N,N,37.27576654,127.4412271,Z
227,경기도,이천시,진리보도육교,N,N,N,N,N,N,37.27092798,127.4548778,Z
228,경기도,이천시,신하보도육교,Y,N,Y,N,N,N,37.25970848,127.4770612,TW
229,경기도,이천시,사동보도육교,N,Y,N,N,N,N,37.24461709,127.4948977,B
230,경상남도,합천군,합천육교,N,N,N,N,N,N,35.565305,128.162806,Z
231,전라북도,익산시,중앙육교,N,N,N,N,N,N,35.93662187,126.9524482,Z
232,전라북도,익산시,북중육교,N,N,N,N,N,N,35.96259782,126.953169,Z
233,전라북도,익산시,신동육교,N,N,N,N,N,N,35.96019832,126.9661884,Z
234,전라북도,익산시,영등육교,N,N,N,N,N,N,35.95831477,126.9790008,Z
235,전라북도,익산시,어양육교,N,N,N,N,N,N,35.95875327,126.9846426,Z
236,전라북도,익산시,팔봉육교,Y,N,N,N,N,N,35.96637859,127.0136694,A
237,전라남도,광양시,남양파크 육교,N,N,N,N,N,N,34.94334001,127.6899422,Z
238,전라남도,광양시,성호육교,N,Y,N,N,N,N,34.93340735,127.6904363,B
239,전라남도,광양시,가야초등학교 육교,N,N,N,N,N,N,34.96704652,127.7127294,Z
240,전라남도,광양시,백운육교,N,Y,N,N,N,N,34.94245668,127.7265646,B
241,전라남도,광양시,금당육교,N,Y,N,N,N,N,34.936176,127.7253574,B
242,충청남도,서산시,석남육교,N,N,N,Y,N,N,36.7700528,126.4580608,D
243,서울특별시,성동구,동명초교앞보도육교,N,N,N,N,N,N,37.568532,127.037199,Z
244,경기도,시흥시,공원앞 육교,N,Y,N,N,N,N,37.36789973,126.814585,B
245,경기도,시흥시,옥구공원앞 삼거리 육교,N,Y,N,N,N,N,37.3546971,126.715703,B
246,인천광역시,서구,숙위교,Y,Y,N,N,N,N,37.529925,126.642682,TW
247,인천광역시,서구,문숙교,Y,Y,N,N,N,N,37.529564,126.626104,TW
248,인천광역시,서구,허암교,Y,Y,N,N,N,N,37.536383,126.626065,TW
249,인천광역시,서구,가정보도육교,N,Y,N,N,N,N,37.525089,126.667247,B
250,광주광역시,서구,계수육교,N,N,N,N,N,N,35.16218058,126.8600393,Z
251,광주광역시,서구,짚봉육교,N,N,N,N,N,N,35.13740548,126.8776517,Z
252,광주광역시,서구,내방육교,N,N,N,N,N,N,35.15542105,126.8768607,Z
253,경기도,광주시,탄벌보도육교,N,Y,N,N,N,N,37.41789329,127.249877,B
254,경기도,광주시,태전동보도육교,N,Y,N,N,N,N,37.38637107,127.2354198,B
255,경기도,광주시,삼동육교,N,N,N,N,N,N,37.41240004,127.2007917,Z
256,경기도,광주시,장지동육교,N,Y,N,N,N,N,37.40396622,127.2363483,B
257,경기도,광주시,쌍령동육교,N,N,N,N,N,N,37.40485038,127.2679214,Z
258,경기도,광주시,역동육교,N,N,N,N,N,N,37.40119001,127.2446442,Z
259,경기도,광주시,오포육교,N,Y,N,N,N,N,37.360013,127.151009,B
260,경기도,광주시,대쌍령보도육교,N,N,N,N,N,N,37.385554,127.289077,Z
261,경기도,광주시,무명육교,N,N,N,N,N,N,37.350646,127.340463,Z
262,전라북도,완주군,삼례육교,Y,N,N,N,N,N,35.9070824,127.062021,A
263,전라남도,목포시,삼향동사무소육교,N,N,N,N,N,N,34.830438,126.417928,Z
264,전라남도,목포시,대박산육교,N,N,N,N,N,N,34.831972,126.418279,Z
265,전라남도,목포시,용해여상고육교,N,N,N,N,N,N,34.806641,126.411395,Z
266,전라남도,목포시,목포역철도육교,N,N,N,N,N,N,34.796162,126.388415,Z
267,전라남도,목포시,석현구검문소육교,N,N,N,N,N,N,34.8249725,126.4232524,Z
268,전라남도,목포시,광산가든육교,N,N,N,N,N,N,34.8365331,126.4210149,Z
269,전라남도,목포시,하당우미아파트 육교,N,N,N,N,N,N,34.798522,126.390636,Z
270,전라남도,목포시,하당롯데마트육교,N,N,N,N,N,N,34.799436,126.431265,Z
271,전라남도,목포시,산정동동초등교육교,N,N,N,N,N,N,34.809346,126.388639,Z
272,전라남도,목포시,문화예술회관육교,N,Y,N,N,N,N,34.7926162,126.4178012,B
273,전라남도,목포시,옥암자전거육교,N,Y,N,N,N,N,34.8022406,126.4398618,B
274,충청남도,부여군,규암농협 앞,N,N,N,N,N,N,36.275918,126.887753,Z
275,충청남도,부여군,규암초등학교 앞,N,N,N,N,N,N,36.271967,126.865602,Z
276,충청남도,부여군,부여초등학교 앞,N,N,N,N,N,N,36.283668,126.923441,Z
277,경상남도,의령군,보도육교,N,Y,N,N,N,N,35.31400209,128.2565761,B
278,강원도,원주시,단계육교,N,N,N,N,N,N,37.35769372,127.9375741,Z
279,강원도,원주시,kT&G앞 육교,N,Y,N,N,N,N,37.40700167,127.9568051,B
280,강원도,원주시,장양육교,N,Y,N,N,N,N,37.41079621,127.9594464,B
281,강원도,원주시,혁신도시 육교,Y,N,N,N,N,N,37.32482759,127.9910403,A
282,강원도,강릉시,안인일출교,N,N,N,N,N,N,37.73415994,128.9894969,Z
283,강원도,강릉시,강문솟대다리,N,Y,N,N,N,N,37.797323,128.916759,B
284,강원도,강릉시,솔바람다리,N,Y,N,N,N,N,37.767951,128.951321,B
285,강원도,강릉시,율곡초앞육교,N,N,N,N,N,N,37.76635177,128.8827116,Z
286,강원도,강릉시,경포초육교,N,N,N,N,N,N,37.76903806,128.8828818,Z
287,경기도,안양시,호계3동행정복지센터 앞 육교,Y,N,N,N,N,N,37.3676845,126.9587908,A
288,경기도,안양시,범계동 신동아(아) 앞 육교,Y,N,N,N,N,N,37.3858624,126.9504651,A
289,경기도,안양시,향림 육교,N,N,N,N,N,N,37.41290798,126.9196567,Z
290,경기도,안양시,석수역 앞 육교,Y,N,N,N,N,N,37.4339014,126.903779,A
291,경기도,안양시,호계3동 삼신아파트 앞 육교,N,N,N,N,N,N,37.3674678,126.9509763,Z
292,경기도,안양시,안양남초교 앞 육교,Y,N,N,N,N,N,37.37812652,126.967912,A
293,경기도,안양시,평촌지하차도 위 육교,N,N,N,N,N,N,37.3876567,126.9731514,Z
294,경기도,안양시,서안양우체국사거리 육교,Y,N,N,N,N,N,37.3945594,126.925384,A
295,경기도,안양시,샘모루초교 앞 육교,Y,N,N,N,N,N,37.3994214,126.9386655,A
296,경기도,안양시,중앙공원 앞 육교,N,Y,N,N,N,N,37.3867809,126.9587683,B
297,경기도,안양시,롯데 향촌(아) 앞 육교,N,Y,N,N,N,N,37.38668847,126.9603797,B
298,경기도,안양시,신촌동행정복지센터 앞 육교,N,Y,N,N,N,N,37.3818035,126.9563052,B
299,경기도,안양시,농수산물도매시장 앞 육교,N,Y,N,N,N,N,37.38310598,126.9704796,B
300,경기도,안양시,중앙공원관리사무소 앞 육교,N,Y,N,N,N,N,37.39052262,126.962384,B
301,경기도,안양시,희성초교 앞 육교,N,Y,N,N,N,N,37.3987117,126.9495243,B
302,경기도,안양시,부안초교 앞 육교,N,Y,N,N,N,N,37.3978633,126.9554415,B
303,경기도,안양시,달안동행정복지센터 앞 육교,N,Y,N,N,N,N,37.396314,126.9508033,B
304,경기도,안양시,부흥초교 앞 육교,N,Y,N,N,N,N,37.3936897,126.947137,B
305,경기도,안양시,부림동행정복지센터 앞 육교,N,Y,N,N,N,N,37.3989065,126.959855,B
306,경기도,안양시,평안동행정복지센터 앞 육교,N,Y,N,N,N,N,37.3901524,126.9651204,B
307,경기도,안양시,범계초교 앞 육교,N,Y,N,N,N,N,37.3873402,126.9553378,B
308,경기도,안양시,귀인초교 앞 육교,N,Y,N,N,N,N,37.3874853,126.9661254,B
309,경기도,안양시,범계중학교 앞 육교,N,Y,N,N,N,N,37.3845541,126.9563174,B
310,경기도,안양시,명학역 앞 육교,Y,N,N,N,N,N,37.3851652,126.9346205,A
311,경기도,안양시,진흥 육교,Y,N,N,N,N,N,37.399255,126.9245448,A
312,경상북도,경산시,펜타힐즈보도육교,Y,N,N,N,N,N,35.828473,128.719263,A
313,경상북도,경산시,중방보도육교,N,Y,N,N,N,N,35.826319,128.730438,B
314,경상북도,경산시,정평보도육교,N,Y,N,N,N,N,35.837304,128.730337,B
315,경상북도,경산시,중산(보도)육교,N,Y,N,N,N,N,35.831304,128.722594,B
316,경상북도,경산시,옥곡(보도)육교,N,Y,N,N,N,N,35.812219,128.730696,B
317,경상남도,진주시,신안육교,N,N,N,N,N,N,35.1832619,128.0707412,Z
318,경상남도,진주시,도동육교,N,N,N,N,N,N,35.18916777,128.116881,Z
319,경상남도,진주시,칠암육교,N,N,N,N,N,N,35.17902872,128.0961044,Z
320,경상남도,진주시,상대육교,N,N,N,N,N,N,35.18024326,128.1092772,Z
321,경상남도,진주시,개양육교,N,Y,N,N,N,N,35.1796118,128.1045126,B
322,경상남도,진주시,가좌육교,N,N,N,N,N,N,35.15020213,128.1038711,Z
323,경상남도,진주시,혁신육교,N,N,N,N,N,N,35.17527917,128.1453082,Z
324,경상남도,진주시,내동육교,N,N,N,N,N,N,35.16399181,128.0674456,Z
325,경상남도,진주시정촌면,정촌산단육교(1),N,N,N,N,N,N,35.126624,128.1043619,Z
326,경상남도,진주시정촌면,정촌산단육교(2),N,Y,N,N,N,N,35.12254289,128.1024309,B
327,경기도,여주시,점봉육교(점봉초),N,N,N,N,N,N,37.275701,127.637752,Z
328,경기도,여주시,교리육교(여주대),N,Y,N,N,N,N,37.267992,127.637736,B
329,경기도,여주시,교리2육교(여주고),N,Y,N,N,N,N,37.258077,127.645893,B
330,경기도,여주시,동미교(경기관광고),N,N,N,N,N,N,37.375674,127.590802,Z
331,경기도,여주시,연라육교(연라초),N,N,N,N,N,N,37.277511,127.612584,Z
332,경기도,여주시,신해보도육교(현진에버빌아파트),Y,N,N,N,N,N,37.210793,127.541919,A
333,,,양평보도육교,N,N,N,N,N,N,37.49410673,127.4911801,Z
334,,,창대보도육교,N,N,N,N,N,N,37.48633286,127.4972236,Z
335,경기도,안양시,호계3동 대림(아) 앞 육교,Y,N,N,N,N,N,37.3632713,126.960806,A
336,경기도,용인시,상현보도육교,Y,N,N,N,N,N,37.29946846,127.0647334,A
337,경기도,용인시,신봉초교 앞 보도육교,Y,N,N,N,N,N,37.32900888,127.0677148,A
338,경기도,용인시,꽃메사거리 보도육교,Y,N,N,N,N,N,37.32477086,127.1226031,A
339,경기도,용인시,이마트연결 보도육교,N,Y,N,N,N,N,37.32532492,127.1100039,B
340,세종특별자치시,조치원읍,삼일APT앞 육교,N,N,N,N,N,N,36.59534839,127.297037,Z
341,세종특별자치시,조치원읍,세종고 앞 육교,N,N,N,N,N,N,36.6113263,127.298987,Z
342,세종특별자치시,조치원읍,수원지 앞 육교,N,N,N,N,N,N,36.60619933,127.3009694,Z
343,세종특별자치시,조치원읍,욱일APT 앞 육교,Y,N,N,N,N,N,36.60293108,127.2941813,A
344,세종특별자치시,전의면,전의역 앞 육교,N,N,N,N,N,N,36.67836829,127.2036578,Z
345,세종특별자치시,고운동,온빛 초 육교,Y,N,N,N,N,N,36.51462797,127.2403716,A
346,세종특별자치시,한솔동,미르 초 육교,Y,N,N,N,N,N,36.47313162,127.2544816,A
347,세종특별자치시,아름동,나래초보행교,Y,N,N,N,N,N,36.5090014,127.2463514,A
348,세종특별자치시,조치원읍,가득초육교,Y,N,N,N,N,N,36.48771564,127.2432312,A
349,충청남도,계룡시,엄사육교,N,Y,N,N,N,N,36.292687,127.242539,B
350,전라북도,김제시,검산육교,N,N,N,N,N,N,35.805464,126.898834,Z
351,광주광역시,동구,계림육교,N,N,N,N,N,N,35.16055204,126.9204748,Z
352,광주광역시,동구,남초교육교,N,N,N,N,N,N,35.126779,126.931509,Z
353,광주광역시,동구,도내기시장앞육교,N,N,N,N,N,N,35.145289,126.926855,Z
354,광주광역시,동구,계림제1육교,N,N,N,N,N,N,35.163729,126.919445,Z
355,강원도,태백시,대림육교,N,Y,Y,N,N,N,37.16512595,128.9941157,TW
356,강원도,태백시,상장육교,N,Y,Y,N,N,N,37.15068648,128.9921156,TW
357,서울특별시,강북구,월계육교,N,N,N,N,N,N,37.61534047,127.0392407,Z
358,울산광역시,남구,성광여고육교,N,N,N,N,N,N,35.541517,129.264941,Z
359,울산광역시,동구,서부초교육교,N,N,N,N,N,N,35.525128,129.424415,Z
360,울산광역시,동구,녹수초교육교,N,N,N,N,N,N,35.530089,129.429991,Z
361,울산광역시,동구,청운여중육교,N,N,N,N,N,N,35.536263,129.429451,Z
362,울산광역시,중구,내황초교육교,N,Y,N,N,N,N,35.552009,129.348251,B
363,울산광역시,중구,우정교보행육교,Y,N,N,N,N,N,35.559841,129.292801,A
364,울산광역시,울주군,대복보도육교,N,N,N,N,N,N,35.480894,129.219207,Z
365,울산광역시,울주군,웅촌보도육교,N,N,N,N,N,N,35.463764,129.207837,Z
366,경상남도,남해군,소입현육교,Y,N,N,N,N,N,34.831094,127.905569,A
367,전라남도,영암군,육교,N,N,N,N,N,N,34.75510121,126.4746351,Z
368,서울특별시,양천구,능골,N,N,Y,N,N,N,37.52466465,126.8328723,C
369,서울특별시,양천구,당모래,N,N,Y,N,N,N,37.52683024,126.8449155,C
370,서울특별시,양천구,은빛,N,N,Y,N,N,N,37.52811368,126.854009,C
371,서울특별시,양천구,소망,N,N,Y,N,N,N,37.52870643,126.8581323,C
372,서울특별시,양천구,잣절,N,N,Y,N,N,N,37.50694702,126.8444474,C
373,서울특별시,양천구,신정기지,N,N,Y,N,N,N,37.52811368,126.854009,C
374,서울특별시,양천구,갈산,N,N,Y,N,N,N,37.51360041,126.8697042,C
375,서울특별시,양천구,신월IC,N,N,Y,N,N,N,37.525423,126.834818,C
376,서울특별시,양천구,금옥여고앞,N,N,Y,N,N,N,37.51096532,126.8439717,C
377,서울특별시,양천구,목동운동장앞,N,Y,Y,N,N,N,37.52813225,126.876521,TW
378,서울특별시,양천구,신정교앞,N,Y,Y,N,N,N,37.51722556,126.876469,TW
379,서울특별시,양천구,이대목동병원,N,Y,Y,N,N,N,37.53698185,126.8867439,TW
380,서울특별시,양천구,신은,N,Y,Y,N,N,N,37.51513262,126.8308648,TW
381,서울특별시,양천구,오금,N,N,Y,N,N,N,37.5082875,126.8645355,C
382,서울특별시,양천구,양원,N,N,Y,N,N,N,37.53821733,126.8231052,C
383,서울특별시,강남구,대도보도육교,Y,N,Y,N,N,N,37.4926466,127.0533774,TW
384,서울특별시,강남구,양전보도육교,N,N,Y,N,N,N,37.49028284,127.0694253,C
385,서울특별시,강남구,구름다리보도육교,Y,N,Y,N,N,N,37.4716355,127.0525917,TW
386,서울특별시,강남구,일원보도육교,N,Y,Y,N,N,N,37.48932458,127.082097,TW
387,서울특별시,강남구,양재보도육교,Y,N,Y,N,N,N,37.49328988,127.0951503,TW
388,서울특별시,강남구,양재천보도육교,Y,N,Y,N,N,N,37.48806952,127.0534832,TW
389,서울특별시,강남구,말죽거리보도육교,Y,N,Y,N,N,N,37.48536752,127.0377727,TW
390,,,일원탄천보도육교,N,Y,Y,N,N,N,37.496697,127.088375,TW
391,서울특별시,강서구,수명산보도육교,N,N,N,N,N,N,37.553206,126.825094,Z
392,서울특별시,강서구,가곡초교입구보도육교,Y,N,N,N,N,N,37.556773,126.836942,A
393,서울특별시,강서구,스카이파크보도육교,Y,N,N,N,N,N,37.563795,126.806728,A
394,서울특별시,강서구,증미역연결보도육교,N,N,N,N,N,N,37.558829,126.861266,Z
395,서울특별시,성북구,숭덕초교앞 보도육교,Y,N,N,N,N,N,37.603501,127.014203,A
396,서울특별시,성동구,행당초교앞보도육교,N,N,N,N,N,N,37.55754545,127.0340916,Z
397,서울특별시,성동구,응봉산대현산간생태육교,N,N,N,N,N,N,37.54917648,127.0292613,Z
398,서울특별시,성동구,행당스카이워크,Y,N,N,N,N,N,37.55682075,127.0394077,A
399,서울특별시,노원구,상계역육교,N,N,N,N,N,N,37.66230302,127.0735817,Z
400,서울특별시,노원구,상징탑육교,N,Y,N,N,N,N,37.6389605,127.0663451,B
401,서울특별시,노원구,광운대역육교,Y,N,N,N,N,N,37.62365522,127.063988,A
402,서울특별시,노원구,삼육육교,Y,N,N,N,N,N,37.64335737,127.1088503,A
403,서울특별시,노원구,백운육교,N,Y,N,N,N,N,37.68621458,127.0528727,B
404,서울특별시,노원구,수락육교,N,Y,N,N,N,N,37.68864404,127.0558536,B
405,강원도,춘천시,온의육교,Y,N,N,N,N,N,37.863336,127.719436,A
406,강원도,춘천시,칠전육교,N,Y,N,N,N,N,37.840538,127.714284,B
407,경기도,남양주시,별내1육교(한별초등학교 앞 육교),N,Y,Y,N,N,N,37.64480145,127.1176916,TW
408,경기도,남양주시,별내2육교(신일 유토빌 앞 육교),N,Y,Y,N,N,N,37.64662797,127.1142537,TW
409,경기도,남양주시,별내3육교(대원칸타빌 앞 육교),N,Y,Y,N,N,N,37.66167002,127.1267984,TW
410,경기도,남양주시,별내4육교(별내동 주민센터앞육교),Y,Y,Y,N,N,N,37.64616615,127.1218825,TH
411,경기도,남양주시,진접지구보도육교1.2(풍양육교),Y,N,Y,N,N,N,37.71884601,127.1910173,TW
412,경기도,남양주시,진접지구보도육교1.2(진접육교),Y,N,Y,N,N,N,37.7148201,127.1869758,TW
413,경기도,남양주시,다산육교,Y,N,Y,N,N,N,37.60023437,127.1743068,TW
414,경기도,남양주시,도농보도육교,Y,N,Y,N,N,N,37.60577935,127.1551897,TW
415,경기도,남양주시,장승보도육교(의정부국토관리사무소육교현장),Y,N,Y,N,N,N,37.72960264,127.1941977,TW
416,경기도,남양주시,진접보도육교,N,N,N,N,N,N,37.73655096,127.1947104,Z
417,대전광역시,유성구,죽동보도육교,N,N,N,N,N,N,36.36645304,127.3334328,Z
418,대전광역시,유성구,월드컵보도육교,N,N,N,N,N,N,36.366831,127.321186,Z
419,경기도,군포시,군포초교 보도육교,N,N,N,N,N,N,37.34823766,126.9419284,Z
420,경기도,군포시,4단지 보도육교,N,N,N,N,N,N,37.34945226,126.9259671,Z
421,서울특별시,성북구,청덕초교앞 보도육교,Y,N,N,N,N,N,37.608602,126.999603,A
422,서울특별시,성북구,국민대앞 보도육교,Y,N,N,N,N,N,37.609903,126.996101,A
423,서울특별시,성북구,일신초교앞 보도육교,N,N,N,N,N,N,37.600401,127.040601,Z
424,서울특별시,성북구,한국과학기술원앞 보도육교,Y,N,N,N,N,N,37.604811,127.045503,A
425,부산광역시,동래구,금강공원 공영주차장 앞 육교,N,N,N,N,N,N,35.223165,129.077341,Z
426,부산광역시,동래구,안락동 롯데캐슬 앞 육교,N,N,N,N,N,N,35.197559,129.099082,Z
427,부산광역시,동래구,온천장역 앞 육교,N,N,N,N,N,N,35.221174,129.086511,Z
428,부산광역시,동래구,명륜역 육교,N,N,N,N,N,N,35.212111,129.078911,Z
429,부산광역시,금정구,금정문화회관 앞,Y,N,N,N,N,N,35.24524449,129.0926556,A
430,부산광역시,금정구,태광산업 앞,N,N,N,N,N,N,35.24839613,129.0916822,Z
431,부산광역시,금정구,서곡초교 앞,N,Y,N,N,N,N,35.21862801,129.104521,B
432,부산광역시,금정구,동상초교 앞,N,N,N,N,N,N,35.21174966,129.1065875,Z
433,대전광역시,중구,충남여고앞 보도육교,N,Y,N,N,N,N,36.33111601,127.4095723,B
434,대전광역시,중구,오류동 보도육교,N,Y,N,N,N,N,36.32403193,127.4020094,B
435,대전광역시,중구,산성동 보도육교,N,Y,N,N,N,N,36.30816072,127.3914718,B
436,대전광역시,중구,문화동 보도육교,N,Y,N,N,N,N,36.30996358,127.3972769,B
437,대전광역시,중구,버드내마을 아파트 앞 보도육교,Y,Y,N,N,N,N,36.31577204,127.3883388,TW
438,대전광역시,중구,안영동 보도육교,Y,Y,N,N,N,N,36.28231876,127.3763437,TW
439,대구광역시,북구,고성보도육교,Y,N,N,N,N,N,35.878123,128.585014,A
440,대구광역시,북구,팔달육교,Y,N,N,N,N,N,35.898654,128.548255,A
441,대구광역시,북구,복현육교,N,N,N,N,N,N,35.89844931,128.6190935,Z
442,대구광역시,북구,검단육교,N,N,N,N,N,N,35.90114981,128.6157981,Z
443,대구광역시,북구,동북육교,N,N,N,N,N,N,35.89509115,128.6181972,Z
444,대구광역시,북구,동호육교,N,N,N,N,N,N,35.957425,128.566076,Z
445,대구광역시,북구,태현육교,N,N,N,N,N,N,35.930045,128.539857,Z
446,대구광역시,북구,동천육교,N,N,N,N,N,N,35.942854,128.563635,Z
447,대구광역시,북구,구암육교,N,N,N,N,N,N,35.939327,128.562937,Z
448,대구광역시,북구,대구역육교,N,N,N,N,N,N,35.876421,128.594877,Z
449,대구광역시,북구,사수육교,N,Y,N,N,N,N,35.901559,128.513193,B
450,경기도,고양시,지상경사로15,N,Y,N,N,N,N,37.68047139,126.7515967,B
451,경기도,고양시,지상경사로17,N,Y,N,N,N,N,37.66834954,126.765681,B
452,경기도,고양시,지상경사로18,N,Y,N,N,N,N,37.67774582,126.7707145,B
453,경기도,고양시,지상경사로19,N,Y,N,N,N,N,37.68113823,126.7608067,B
454,경기도,고양시,충장육교,Y,N,N,N,N,N,37.61373849,126.8292768,A
455,경기도,고양시,킨텍스 보도육교,Y,Y,N,N,N,N,37.66464875,126.7420642,TW
456,경기도,고양시,탄현덕이보도육교,Y,N,N,N,N,N,37.70273093,126.760421,A
457,경기도,고양시,탄현역육교,Y,Y,N,N,N,N,37.69507267,126.7621663,TW
458,경기도,고양시,태영동문육교,N,Y,N,N,N,N,37.68578216,126.7655771,B
459,경기도,고양시,토당초교앞보도육교,Y,N,N,N,N,N,37.61770701,126.8257797,A
460,경기도,고양시,풍동육교,N,Y,Y,N,N,N,37.67083031,126.7996206,TW
461,경기도,고양시,풍동육교,N,Y,Y,N,N,N,37.67083031,126.7996206,TW
462,경기도,고양시,하이파크1육교,Y,Y,N,N,N,N,37.70380951,126.7533094,TW
463,경기도,고양시,하이파크2육교,Y,Y,N,N,N,N,37.69977416,126.7510489,TW
464,경기도,고양시,하이파크3육교,Y,Y,N,N,N,N,37.69747377,126.7523172,TW
465,경기도,고양시,하이파크4육교,Y,Y,N,N,N,N,37.69811075,126.7555528,TW
466,경기도,고양시,행신제1보도육교,N,Y,N,N,N,N,37.62247076,126.8360702,B
467,경기도,고양시,호수중앙육교(샵8),N,Y,N,N,N,N,37.65948674,126.7726989,B
468,경기도,고양시,호수중앙육교(샵8),N,Y,N,N,N,N,37.65948674,126.7726989,B
469,경기도,고양시,화전보도육교,N,N,N,N,N,N,37.60196104,126.8716589,Z
470,울산광역시,남구,신정육교,Y,N,N,N,N,N,35.54931947,129.3129127,A
471,울산광역시,남구,솔마루다리,N,N,N,N,N,N,35.52042024,129.3118247,Z
472,부산광역시,동래구,안남초등학교 앞 육교,N,N,N,N,N,N,35.191916,129.107461,Z
473,부산광역시,동래구,신화타워 앞 육교,N,N,N,N,N,N,35.214116,129.080172,Z
474,경기도,고양시,서정2보도육교,N,N,N,N,N,N,37.61881372,126.8535919,Z
475,경기도,고양시,서정3보도육교,N,Y,N,N,N,N,37.61842845,126.8497837,B
476,경기도,고양시,서정4보도육교,N,Y,N,N,N,N,37.61662518,126.8469549,B
477,경기도,고양시,서정5보도육교,Y,N,N,N,N,N,37.61662518,126.8469549,A
478,경기도,고양시,성라육교,N,N,N,N,N,N,37.64905648,126.835368,Z
479,경기도,고양시,아람누리육교(샵7),N,Y,N,N,N,N,37.65948674,126.7726989,B
480,인천광역시,중구,도원,N,N,N,N,N,N,37.47011799,126.638703,Z
481,경기도,고양시,안곡육교,N,Y,N,N,N,N,37.685252,126.7808247,B
482,경기도,고양시,암센터앞육교(샵6),N,Y,Y,N,N,N,37.66523698,126.7841658,TW
483,경기도,고양시,웨스턴돔육교,Y,Y,N,N,N,N,37.65589641,126.7720388,TW
484,경기도,고양시,위시티1육교,Y,N,N,N,N,N,37.67803632,126.8194732,A
485,경기도,고양시,위시티2육교,Y,N,N,N,N,N,37.68413609,126.8145837,A
486,경기도,고양시,위시티3육교,Y,Y,N,N,N,N,37.68156749,126.80744,TW
487,경기도,고양시,위시티4육교,Y,N,N,N,N,N,37.67881902,126.8158781,A
488,경기도,고양시,위시티5육교,Y,N,N,N,N,N,37.67695781,126.8099869,A
489,경기도,고양시,일산M-CITY육교,Y,N,N,N,N,N,37.65490653,126.7715403,A
490,경기도,고양시,일산보도육교,N,Y,N,N,N,N,37.68243677,126.7864135,B
491,경기도,고양시,장미구름다리,N,Y,N,N,N,N,37.667026,126.7530474,B
492,경기도,고양시,장항육교(샵4),N,Y,N,N,N,N,37.6521491,126.7725307,B
493,경기도,고양시,주교보도육교,N,N,N,N,N,N,37.66316783,126.8237077,Z
494,경기도,고양시,지상경사로10,N,Y,Y,N,N,N,37.67288456,126.771578,TW
495,경기도,고양시,지상경사로11,N,Y,Y,N,N,N,37.67787683,126.7666731,TW
496,경기도,고양시,지상경사로12,N,Y,N,N,N,N,37.67117236,126.7620632,B
497,경기도,고양시,지상경사로13,N,Y,N,N,N,N,37.66808929,126.7562756,B
498,경기도,고양시,지상경사로14,N,Y,N,N,N,N,37.68267729,126.757102,B
499,경기도,광명시,한치고개육교,N,N,N,N,N,N,37.4458772,126.859214,Z
500,경기도,광명시,생태육교(밤일마을),N,N,N,N,N,N,37.453215,126.856851,Z
501,경기도,광명시,양지보도육교,Y,N,N,N,N,N,37.4142839,126.8834102,A
502,경기도,광명시,광명역세권 보도육교,Y,N,N,N,N,N,37.41258171,126.8848425,A
503,경기도,광명시,광명신촌 보도육교,Y,N,N,N,N,N,37.44915348,126.8942893,A
504,경기도,고양시,강촌육교(샵10),N,Y,Y,N,N,N,37.6565703,126.7792186,TW
505,경기도,고양시,고양관광문화단지 보행육교 TYPE-B 바이우다리,Y,Y,N,N,N,N,37.6619258,126.7508077,TW
506,경기도,고양시,고양관광문화단지 보행육교 TYPE-C 아름다리,Y,Y,N,N,N,N,37.66172442,126.7546265,TW
507,경기도,고양시,고양관광문화단지 보행육교 TYPE-D 설레임다리,Y,Y,N,N,N,N,37.66226794,126.7569581,TW
508,경기도,고양시,고양관광문화단지 학교 앞 보도육교,Y,Y,N,N,N,N,37.66012088,126.7583478,TW
509,경기도,고양시,까치구름다리,N,Y,N,N,N,N,37.667053,126.7530474,B
510,경기도,고양시,나비구름다리,N,Y,Y,N,N,N,37.66799365,126.7516307,TW
511,경기도,고양시,내유보도육교,Y,N,N,N,N,N,37.71556258,126.8519554,A
512,경기도,고양시,높빛구름다리,N,Y,Y,N,N,N,37.66620656,126.747672,TW
513,경기도,고양시,다솜육교,N,Y,Y,N,N,N,37.67242119,126.7974725,TW
514,경기도,고양시,대방이산디엠시티 보도육교,Y,Y,N,N,N,N,37.65490653,126.7715403,TW
515,경기도,고양시,마두1동육교(샵2),N,Y,Y,N,N,N,37.65418455,126.7835689,TW
516,경기도,고양시,마두2동육교(샵3),N,Y,Y,N,N,N,37.65458633,126.7831444,TW
517,경기도,고양시,밤가시육교(샵9),N,Y,Y,N,N,N,37.66515333,126.7835571,TW
518,경기도,고양시,백마육교(샵5),N,Y,Y,N,N,N,37.65630577,126.783197,TW
519,경기도,고양시,백석도서관육교(샵1),N,Y,Y,N,N,N,37.64724262,126.792521,TW
520,경기도,고양시,백송구름다리,N,Y,Y,N,N,N,37.66893348,126.7458028,TW
521,경기도,고양시,벽제보도육교,N,Y,Y,N,N,N,37.68098252,126.8929304,TW
522,경기도,고양시,서정1보도육교,N,Y,N,N,N,N,37.61535896,126.851061,B
523,경기도,파주시,수억고육교,N,N,N,N,N,N,37.843418,126.812741,Z
524,경기도,파주시,금촌2동 육교,N,N,N,N,N,N,37.7515966,126.7766223,Z
525,경기도,의왕시,골사그네육교,N,Y,N,N,N,N,37.334824,126.980738,B
526,경기도,의왕시,갈미제1육교,N,Y,N,N,N,N,37.376677,126.974445,B
527,경기도,의왕시,갈미제2육교,N,Y,N,N,N,N,37.377178,126.971818,B
528,경기도,의왕시,갈미제4육교,N,Y,N,N,N,N,37.379418,126.974829,B
529,경기도,의왕시,의왕초교육교,N,Y,N,N,N,N,37.363331,126.967444,B
530,경기도,의왕시,청계육교,Y,N,Y,N,N,N,37.38896233,126.9975722,TW
531,경기도,의왕시,고천육교,Y,N,Y,N,N,N,37.347615,126.974206,TW
532,경기도,의왕시,오전육교,Y,N,Y,N,N,N,37.353631,126.970361,TW
533,경기도,의왕시,의왕역보도육교,Y,Y,N,N,N,N,37.321324,126.945829,TW
534,경기도,의왕시,포일숲속보도육교,Y,N,Y,N,N,N,37.40180614,126.9918992,TW
535,경기도,의왕시,등산보도육교,N,N,N,N,N,N,37.393587,127.038143,Z
536,경기도,의왕시,의왕톨게이트육교,Y,N,N,N,N,N,37.347446,126.984456,A
537,경기도,의왕시,학의천1교,N,Y,N,N,N,N,37.391084,126.986321,B
538,경기도,의왕시,학의천2교,N,Y,N,N,N,N,37.387759,126.990659,B
539,경기도,의왕시,금천보도교,N,Y,N,N,N,N,37.321961,126.945377,B
540,경기도,광명시,철산보도육교,N,N,N,N,N,N,37.4925,126.8681189,Z
541,경기도,광명시,사성보도육교,N,N,N,N,N,N,37.4947562,126.8687734,Z
542,경기도,광명시,목감천보도교,N,N,N,N,N,N,37.49042995,126.8629942,Z
543,경기도,광명시,햇무리육교,Y,N,N,N,N,N,37.48223337,126.8718214,A
544,경기도,광명시,미리내육교,Y,N,N,N,N,N,37.48743655,126.8697004,A
545,경기도,광명시,소하초교육교,Y,N,N,N,N,N,37.44967294,126.8875059,A
546,경기도,광명시,물결어린이공원육교,Y,N,N,N,N,N,37.43532981,126.8861034,A
547,경기도,광명시,생태육교(보건소),N,N,N,N,N,N,37.4539603,126.8815112,Z
548,부산광역시,북구,북부 화명소방서 앞 육교,N,N,N,N,N,N,35.22637373,129.0116866,Z
549,부산광역시,북구,금곡역 앞 육교,N,N,N,N,N,N,35.26747006,129.0169099,Z
550,부산광역시,북구,동원아파트 앞 보행가교,N,N,N,N,N,N,35.20948505,129.0306168,Z
551,부산광역시,북구,구남초등학교 앞 과선육교,N,N,N,N,N,N,35.2002945,128.9935693,Z
552,부산광역시,부산진구,가야시장 앞 육교,N,Y,N,N,N,N,35.156391,129.045113,B
553,부산광역시,부산진구,사상경계 농협 앞 육교,N,N,N,N,N,N,35.15182179,129.0167899,Z
554,부산광역시,부산진구,가야1파출소 옆 육교,N,Y,N,N,N,N,35.154691,129.037025,B
555,부산광역시,부산진구,부암초등학교 진입로변 육교,N,N,N,N,N,N,35.165809,129.047337,Z
556,부산광역시,부산진구,부산진초등학교 진입로 육교,N,N,N,N,N,N,35.150791,129.056053,Z
557,부산광역시,부산진구,진양삼거리 앞 육교,N,N,N,N,N,N,35.162393,129.048401,Z
558,부산광역시,부산진구,개금초등학교 앞 육교,Y,N,N,N,N,N,35.155012,129.021449,A
559,부산광역시,부산진구,진양 메리움 앞 육교,Y,N,N,N,N,N,35.163309,129.050132,A
560,부산광역시,부산진구,국제백양아파트 입구 육교,N,Y,N,N,N,N,35.166317,129.028541,B
561,부산광역시,부산진구,당감동일아파트 앞 육교,N,N,N,N,N,N,35.168315,129.027414,Z
562,경기도,파주시,한매육교,Y,Y,N,N,N,N,37.7294968,126.7375778,TW
563,경기도,파주시,한마루육교,Y,N,N,N,N,N,37.7294552,126.7472994,A
564,경기도,파주시,짚풀육교,Y,N,N,N,N,N,37.7295354,126.7347078,A
565,경기도,파주시,한울육교,Y,Y,N,N,N,N,37.7113496,126.7367353,TW
566,경기도,파주시,오름육교,Y,N,N,N,N,N,37.7132071,126.7539104,A
567,경기도,파주시,오솔육교,Y,Y,N,N,N,N,37.7119839,126.7592107,TW
568,경기도,파주시,한빛육교,Y,Y,N,N,N,N,37.7169547,126.7537164,TW
569,경기도,파주시,해솔육교,Y,Y,N,N,N,N,37.7240939,126.7470116,TW
570,경기도,파주시,중앙육교,N,Y,N,N,N,N,37.722852,126.717322,B
571,경기도,파주시,교하육교,N,N,N,N,N,N,37.724651,126.708842,Z
572,경기도,군포시,금정I.C 보도육교,N,N,N,N,N,N,37.36581221,126.9467232,Z
573,경기도,군포시,태을초교앞 보도육교,N,Y,N,N,N,N,37.37218592,126.9279071,B
574,경기도,군포시,당동 보도육교,N,Y,N,N,N,N,37.34787213,126.9396228,B
575,경기도,군포시,금정역북부역사육교,N,N,Y,N,N,N,37.37284232,126.9423669,C
576,경기도,군포시,군포부곡 보도육교,N,Y,N,N,N,N,37.32341633,126.9401165,B
577,경기도,군포시,삼성보도육교,N,Y,N,N,N,N,37.33858358,126.9316471,B
578,경기도,군포시,금정역남부역사육교,N,N,Y,N,N,N,37.371563,126.9428965,C
579,경기도,군포시,군포송정 보도육교,N,N,N,N,N,N,37.316846,126.920642,Z
580,전라북도,진안군,봉암육교,N,N,N,N,N,N,35.848884,127.339655,Z
581,전라북도,군산시,나운육교,N,N,N,N,N,N,35.969755,126.698143,Z
582,전라북도,군산시,동신육교,N,N,N,N,N,N,35.959582,126.7108828,Z
583,전라북도,군산시,미룡초교육교,N,Y,N,N,N,N,35.950055,126.685785,B
584,전라북도,군산시,미성육교,N,Y,N,N,N,N,35.954559,126.687034,B
585,전라북도,군산시,개정초교육교,N,N,N,N,N,N,35.963167,126.769079,Z
586,대구광역시,남구,대덕문화육교,N,N,N,N,N,N,35.83129333,128.5769704,Z
587,대구광역시,남구,대명육교,N,N,N,N,N,N,35.83886938,128.5688899,Z
588,광주광역시,서구,화정육교,N,N,N,N,N,N,35.15166169,126.8722501,Z
589,광주광역시,서구,양동육교,N,N,N,N,N,N,35.15443316,126.9014647,Z
590,광주광역시,서구,광천육교,N,N,N,N,N,N,35.15922697,126.8888773,Z
591,광주광역시,서구,터미널2육교,N,N,N,N,N,N,35.16005547,126.8832868,Z
592,광주광역시,서구,쌍촌2육교,N,N,N,N,N,N,35.1515209,126.8696075,Z
593,광주광역시,서구,염주육교,N,N,N,N,N,N,35.14814778,126.8714353,Z
594,광주광역시,서구,만호육교,N,N,N,N,N,N,35.13200808,126.8547531,Z
595,광주광역시,서구,상무1육교,N,N,N,N,N,N,35.15340075,126.8483058,Z
596,광주광역시,서구,상무2육교,N,N,N,N,N,N,35.15615354,126.8549626,Z
597,광주광역시,서구,운천육교,N,N,N,N,N,N,35.15162916,126.8470799,Z
598,경기도,부천시,중의육교,N,N,N,N,N,N,37.48427132,126.7707093,Z
599,경기도,부천시,중동IC 보도육교,Y,N,N,N,N,N,37.50244089,126.7452415,A
600,경기도,부천시,작동이주단지 보도육교,N,N,N,N,N,N,37.50740311,126.8115898,Z
601,경기도,부천시,위브육교,Y,N,N,N,N,N,37.49968925,126.7765929,A
602,경기도,부천시,여월홈플러스보도육교,N,Y,N,N,N,N,37.51157254,126.7991983,B
603,경기도,부천시,여월세라아파트 보도육교,N,Y,N,N,N,N,37.51157254,126.7991983,B
604,경기도,부천시,송내육교,N,Y,N,N,N,N,37.48579321,126.7710993,B
605,경기도,부천시,소풍육교,Y,N,N,N,N,N,37.50522295,126.7524151,A
606,경기도,부천시,소새울육교,Y,N,N,N,N,N,37.47033632,126.8006706,A
607,경기도,부천시,소사차도육교,N,N,N,N,N,N,37.48613543,126.7946737,Z
608,경기도,부천시,소사육교,N,N,N,N,N,N,37.48245291,126.7960186,Z
609,경기도,부천시,성곡초교 보도육교,N,Y,N,N,N,N,37.5129789,126.8056547,B
610,경기도,부천시,상동호수공원육교,N,Y,N,N,N,N,37.50244089,126.7452415,B
611,경기도,부천시,봉오대로 보도육교,Y,N,N,N,N,N,37.53161297,126.7882086,A
612,경기도,부천시,레포츠보도육교,N,N,N,N,N,N,37.49858999,126.7964186,Z
613,전라북도,남원시,금암공원 인도교,N,N,Y,N,N,N,35.39784106,127.380027,C
614,부산광역시,북구,구포삼거리 육교,N,N,N,N,N,N,35.20045269,128.9918691,Z
615,부산광역시,북구,구포역 앞 육교,Y,N,N,N,N,N,35.20667098,128.9964147,A
616,부산광역시,북구,구포역 과선인도 육교,Y,N,N,N,N,N,35.2054751,128.9971469,A
617,부산광역시,북구,양천초등학교 앞 육교,N,N,N,N,N,N,35.20952668,129.0193269,Z
618,부산광역시,북구,덕양초등학교 앞 육교,N,Y,N,N,N,N,35.20929658,129.0230912,B
619,부산광역시,북구,만덕사거리 앞 육교,N,N,N,N,N,N,35.21346327,129.037796,Z
620,부산광역시,북구,만덕1터널 입구 육교,N,N,N,N,N,N,35.21525371,129.0443002,Z
621,부산광역시,북구,도시철도 동원역 앞 육교,Y,N,N,N,N,N,35.2586474,129.0123927,A
622,부산광역시,북구,동원아파트 앞 육교,Y,N,N,N,N,N,35.22876206,129.0129216,A
623,대전광역시,서구,구봉보도육교,N,Y,N,N,N,N,36.296252,127.331354,B
624,대전광역시,서구,가수원역보도육교,N,N,N,N,N,N,36.299171,127.356733,Z
625,대전광역시,서구,대신고보도육교,N,N,N,N,N,N,36.311132,127.379957,Z
626,대전광역시,서구,관저보도육교,N,Y,N,N,N,N,36.30293542,127.3429667,B
627,대전광역시,서구,월평초교보도육교,N,Y,N,N,N,N,36.356344,127.357099,B
628,대전광역시,서구,느리울보도육교,N,Y,N,N,N,N,36.297296,127.343474,B
629,대전광역시,서구,매화보도교,N,N,N,N,N,N,36.24999615,127.3402597,Z
630,대전광역시,서구,가수원보도육교,Y,N,N,N,N,N,36.30457718,127.3509541,A
631,대전광역시,서구,용소보도육교,Y,N,N,N,N,N,36.31689917,127.3453385,A
632,대전광역시,서구,옥녀봉보도육교,N,Y,N,N,N,N,36.332063,127.346418,B
633,대전광역시,서구,선암보도육교,Y,N,N,N,N,N,36.299297,127.336078,A
634,대전광역시,서구,노곡보도육교,Y,N,N,N,N,N,36.293834,127.3434584,A
635,대전광역시,서구,사이언스보도육교,Y,N,N,N,N,N,36.3711001,127.3885001,A
636,대구광역시,수성구,만촌육교,N,N,N,N,N,N,35.85785536,128.6440987,Z
637,대구광역시,수성구,범어육교,N,N,N,N,N,N,35.85368493,128.6382257,Z
638,대구광역시,수성구,망우공원육교,N,N,N,N,N,N,35.8752654,128.6582629,Z
639,대구광역시,동구,동촌유원지육교,N,N,N,N,N,N,35.87910949,128.6508435,Z
640,대구광역시,수성구,고모육교,N,N,N,N,N,N,35.87290356,128.6582542,Z
641,대구광역시,수성구,청림육교,N,N,N,N,N,N,35.83563358,128.7033758,Z
642,경상북도,경주시,승삼네거리육교,N,N,N,N,N,N,35.87643035,129.2282919,Z
643,경상북도,경주시,근화여고육교,N,N,N,N,N,N,35.87199258,129.2257016,Z
644,경상북도,경주시,괘능보도육교,N,N,N,N,N,N,35.76413332,129.3123311,Z
645,경상북도,경주시,입실보도육교,N,N,N,N,N,N,35.71263057,129.320185,Z
646,경상북도,경산시,백천(보도)육교,N,N,N,N,N,N,35.802057,128.738375,Z
647,경상북도,경산시,영대(보도)육교,N,Y,N,N,N,N,35.829674,128.749624,B
648,경상북도,경산시,성암(보도)육교,N,Y,N,N,N,N,35.822137,128.717374,B
649,경기도,성남시,양현보도육교,Y,N,N,N,N,N,37.38414402,127.1294417,A
650,경기도,성남시,오작보도육교,N,N,N,N,N,N,37.37079426,127.1316529,Z
651,경기도,성남시,운중육교,Y,N,N,N,N,N,37.38918186,127.0916076,A
652,경기도,성남시,은하육교,Y,N,N,N,N,N,37.38996308,127.0880085,A
653,경기도,성남시,잿너머육교,Y,N,N,N,N,N,37.387883,127.111217,A
654,경기도,성남시,테크노육교,Y,N,N,N,N,N,37.40163712,127.1129778,A
655,경기도,성남시,하나육교,Y,N,N,N,N,N,37.39158355,127.0705622,A
656,경기도,성남시,학고개육교,Y,N,N,N,N,N,37.39147997,127.066604,A
657,경기도,성남시,한솔보도육교,N,N,N,N,N,N,37.36625341,127.1190207,Z
658,경기도,성남시,화랑육교,Y,N,N,N,N,N,37.40161535,127.1053203,A
659,경기도,성남시,나드리육교,Y,N,N,N,N,N,37.39456457,127.1129621,A
660,경기도,성남시,삼평육교,Y,N,N,N,N,N,37.39460238,127.1096448,A
661,경기도,성남시,경부선횡단육교,Y,N,N,N,N,N,37.397839,127.100625,A
662,대전광역시,동구,명석보도육교,N,N,N,N,N,N,36.35266835,127.4534384,Z
663,대전광역시,동구,삼정보도육교,N,N,N,N,N,N,36.32734234,127.475364,Z
664,인천광역시,계양구,갈현보도육교,N,N,Y,N,N,N,37.57563786,126.721189,C
665,부산광역시,수영구,민락초등학교 앞 육교,Y,N,N,N,N,N,35.16066234,129.1283354,A
666,부산광역시,수영구,민락교 접속육교,N,N,N,N,N,N,35.15998619,129.1315179,Z
667,부산광역시,수영구,남천동 자유한국당사 앞 육교,Y,N,N,N,N,N,35.138288,129.1079135,A
668,서울특별시,용산구,남산2호터널앞보도육교,Y,N,N,N,N,N,37.54312763,126.9895128,A
669,서울특별시,용산구,남산3호터널앞보도육교,Y,N,N,N,N,N,37.53954866,126.9874766,A
670,서울특별시,용산구,녹사평보도육교,Y,N,N,N,N,N,37.53483097,126.9870294,A
671,서울특별시,용산구,반포대교북단보도육교,N,N,N,N,N,N,37.52036862,126.9935205,Z
672,서울특별시,용산구,북한남삼거리보도육교,N,Y,N,N,N,N,37.54197477,127.0032498,B
673,서울특별시,용산구,서빙고역앞보도육교,Y,N,N,N,N,N,37.51991434,126.9908192,A
674,경기도,안양시,박달삼거리 육교,Y,N,N,N,N,N,37.4022931,126.9057586,A
675,경기도,성남시,검단보도육교,N,N,N,N,N,N,37.43087847,127.1518523,Z
676,경기도,성남시,대하보도육교,N,N,N,N,N,N,37.43072965,127.152555,Z
677,경기도,성남시,공단보도육교,N,N,N,N,N,N,37.43307808,127.1649906,Z
678,경기도,성남시,시청보도육교,Y,N,N,N,N,N,37.419248,127.128743,A
679,경기도,성남시,공원보도육교,N,N,N,N,N,N,37.37821767,127.1281637,Z
680,경기도,성남시,궁골육교,Y,N,N,N,N,N,37.40365572,127.1100603,A
681,경기도,성남시,까치육교,Y,N,N,N,N,N,37.39151516,127.0796448,A
682,경기도,성남시,낙생육교,Y,N,N,N,N,N,37.39167343,127.1112779,A
683,경기도,성남시,너더리육교,Y,N,N,N,N,N,37.38824958,127.0990774,A
684,경기도,성남시,동안육교,Y,N,N,N,N,N,37.40166905,127.1096799,A
685,경기도,성남시,동판교육교,Y,N,N,N,N,N,37.39483246,127.1168343,A
686,경기도,성남시,뫼루니육교,Y,N,N,N,N,N,37.39119214,127.0829238,A
687,경기도,성남시,미동육교,Y,N,N,N,N,N,37.40318937,127.1023182,A
688,경기도,성남시,백현육교,Y,N,N,N,N,N,37.3895995,127.1129416,A
689,경기도,성남시,벌말육교,Y,N,N,N,N,N,37.4020226,127.1168455,A
690,경기도,성남시,봇들육교,Y,N,N,N,N,N,37.40320979,127.107726,A
691,경기도,성남시,분당보도육교,Y,N,N,N,N,N,37.37228031,127.147101,A
692,경기도,성남시,사랑보도육교,N,N,N,N,N,N,37.3738277,127.1282374,Z
693,경기도,성남시,서판교육교,Y,N,N,N,N,N,37.39169967,127.0729778,A
694,경기도,성남시,서현보도육교,Y,N,N,N,N,N,37.38054616,127.1236138,A
695,경기도,성남시,성내미육교,Y,N,N,N,N,N,37.4005708,127.096112,A
696,경기도,성남시,숲안보도육교,N,N,N,N,N,N,37.37352147,127.1239049,Z
697,경기도,성남시,신기보도육교,N,N,N,N,N,N,37.35992738,127.1124908,Z
698,경기도,성남시,양지보도육교,N,N,N,N,N,N,37.37757628,127.1202173,Z
699,경기도,평택시,소사 보도육교,Y,N,N,N,N,N,36.98994288,127.1211055,A
700,경기도,평택시,문화아파트 앞 보도육교,N,Y,N,N,N,N,36.99212625,127.1142766,B
701,경기도,평택시,용이 보도육교,Y,N,N,N,N,N,36.99852461,127.1446355,A
702,경기도,평택시,현촌 보도육교,Y,N,N,N,N,N,36.99897582,127.1320226,A
703,경기도,평택시,용죽1 보도육교,Y,N,N,N,N,N,36.99423876,127.1202343,A
704,경기도,평택시,용죽2 보도육교,Y,N,N,N,N,N,36.99869289,127.1214347,A
705,경기도,평택시,용죽3 보도육교,Y,N,N,N,N,N,36.99738329,127.1288466,A
706,경기도,평택시,신흥 보도육교,Y,N,N,N,N,N,37.00138001,127.1428089,A
707,경기도,평택시,송탄공단 앞 보도육교,N,Y,N,N,N,N,37.03791533,127.0697727,B
708,경기도,평택시,송탄여중고 옆 보도육교,N,Y,N,N,N,N,37.07184782,127.0652945,B
709,경기도,평택시,아주아파트-라이프아파트간 보도육교,N,Y,N,N,N,N,37.08266687,127.062135,B
710,경기도,평택시,장당지구 보도육교,Y,N,N,N,N,N,37.04931264,127.0597695,A
711,경기도,평택시,장당지구 지상경사로,N,Y,N,N,N,N,37.05117565,127.0597036,B
712,경기도,평택시,이충지구 보도육교,Y,N,N,N,N,N,37.05819454,127.0625051,A
713,경기도,평택시,진위 보도육교,Y,N,N,N,N,N,37.10979703,127.0634719,A
714,경기도,평택시,갈평 보도육교,N,N,N,N,N,N,37.05929603,127.0533613,Z
715,경기도,평택시,송탄역 보도육교,N,N,N,N,N,N,37.07655963,127.0543935,Z
716,경기도,평택시,청북지구 보도육교1,Y,N,N,N,N,N,37.01934792,126.9165056,A
717,경기도,평택시,청북지구 보도육교2,Y,N,N,N,N,N,37.01516142,126.9142311,A
718,경기도,평택시,청북지구 보도육교3,Y,N,N,N,N,N,37.02346233,126.9145025,A
719,경기도,평택시,청북지구 보도육교4,Y,N,N,N,N,N,37.02062614,126.9145315,A
720,경기도,평택시,청북지구 보도육교5,Y,N,N,N,N,N,37.01846627,126.9127451,A
721,경기도,평택시,청북지구 보도육교6,Y,N,N,N,N,N,37.01960195,126.9110499,A
722,충청남도,천안시,충무육교,N,N,N,N,N,N,37.4153937,127.756333,Z
723,충청남도,천안시,대봉육교,N,N,N,N,N,N,37.4214689,127.853987,Z
724,충청남도,천안시,불당원형육교,Y,N,N,N,N,N,37.422195,127.630748,A
725,충청남도,천안시,성정육교,N,N,N,N,N,N,37.4246105,127.0906563,Z
726,충청남도,천안시,영성육교,N,N,N,N,N,N,37.4416576,127.0845349,Z
727,충청남도,천안시,역말육교,N,N,N,N,N,N,37.4331734,127.0919063,Z
728,충청남도,천안시,공단육교,N,N,N,N,N,N,37.435554,127.0918396,Z
729,충청남도,천안시,부성육교,N,N,N,N,N,N,37.4440589,127.0918378,Z
730,충청남도,천안시,공대육교,N,N,N,N,N,N,37.4459882,127.0931723,Z
731,충청남도,천안시,성환육교,N,N,N,N,N,N,37.4846884,127.0816943,Z
732,충청남도,천안시,쌍용인도육교,N,N,N,N,N,N,37.4142689,127.0742428,Z
733,충청남도,천안시,동서인도육교,N,N,N,N,N,N,36.82589652,127.0916418,Z
734,충청남도,천안시,청운교,Y,N,N,N,N,N,37.4314788,127.0708249,A
735,충청남도,천안시,선샘교,N,N,N,N,N,N,37.4256126,127.0616059,Z
736,충청남도,천안시,구성육교,N,N,N,N,N,N,37.4132376,127.0959693,Z
737,충청남도,천안시,유량육교,N,N,N,N,N,N,37.4216639,127.0947382,Z
738,충청남도,천안시,태조산육교,N,N,N,N,N,N,37.4254052,127.1006221,Z
739,충청남도,천안시,구성삼거리육교,Y,N,N,N,N,N,37.4143464,127.0941728,A
740,충청남도,천안시,천안삼거리육교,N,N,N,N,N,N,37.4113395,127.1003013,Z
741,충청남도,천안시,일봉육교,N,N,N,N,N,N,37.415009,127.0822442,Z
742,충청남도,천안시,신안육교,N,N,N,N,N,N,37.4248279,127.0942706,Z
743,충청남도,천안시,서부육교,N,Y,N,N,N,N,37.424628,127.0758939,B
744,충청남도,천안시,태조산구름다리,N,N,N,N,N,N,37.4329781,127.1133872,Z
745,대구광역시,중구,동인육교,N,N,N,N,N,N,35.868589,128.6098925,Z
746,대구광역시,중구,동산육교,N,N,N,N,N,N,35.868951,128.582297,Z
747,경상북도,포항시,남부육교,N,N,N,N,N,N,36.027082,129.354123,Z
748,경상북도,포항시,동부육교,N,N,N,N,N,N,36.063703,129.381231,Z
749,경상북도,포항시,동촌육교,N,N,N,N,N,N,35.997785,129.388553,Z
750,경상북도,포항시,송도1육교,N,N,N,N,N,N,36.055954,129.378216,Z
751,경상북도,포항시,송도2육교,N,N,N,N,N,N,36.055954,129.378216,Z
752,경상북도,포항시,지곡육교,N,N,N,N,N,N,36.027884,129.327709,Z
753,경상북도,포항시,약전육교,N,N,N,N,N,N,35.9904614,129.452964,Z
754,전라남도,영광군,영광중앙육교,N,N,N,N,N,N,35.277492,126.506635,Z
755,전라남도,영광군,북문재2교,N,N,N,N,N,N,35.28194325,126.5120271,Z
756,전라남도,영광군,법성육교,N,N,N,N,N,N,35.365058,126.443155,Z
757,전라남도,영광군,홍농육교,N,N,N,N,N,N,35.399074,126.443144,Z
758,충청남도,서천군,서천초육교,N,N,N,N,N,N,36.07756989,126.6883287,Z
759,충청남도,서천군,한산모시전수교육관 연결육교,N,N,N,N,N,N,36.0799446,126.7987038,Z
760,광주광역시,광산구,신가육교,N,N,N,N,N,N,35.17897981,126.8270318,Z
761,광주광역시,광산구,신흥육교,N,N,N,N,N,N,35.14647437,126.8074628,Z
762,광주광역시,광산구,우산육교,N,N,N,N,N,N,35.15867016,126.8077194,Z
763,광주광역시,광산구,시영육교,N,N,N,N,N,N,35.16423281,126.8085186,Z
764,광주광역시,광산구,첨단경사육교,N,Y,N,N,N,N,35.21768417,126.8473515,B
765,광주광역시,광산구,운남육교,N,N,N,N,N,N,35.17933593,126.8208942,Z
766,광주광역시,광산구,대반육교,N,N,N,N,N,N,35.1760765,126.8084359,Z
767,광주광역시,광산구,금구육교,N,N,N,N,N,N,35.17664033,126.8175079,Z
768,광주광역시,광산구,보훈육교,N,N,N,N,N,N,35.2088374,126.8473406,Z
769,광주광역시,광산구,산월육교,N,N,N,N,N,N,35.21141519,126.8472864,Z
770,광주광역시,광산구,신창1육교,N,Y,N,N,N,N,35.19069961,126.8350662,B
771,광주광역시,광산구,고실육교,N,Y,N,N,N,N,35.19855818,126.8154768,B
772,광주광역시,광산구,장덕육교,N,N,N,N,N,N,35.18563705,126.812388,Z
773,광주광역시,광산구,장자울육교,N,Y,N,N,N,N,35.17664939,126.8175353,B
774,광주광역시,광산구,아름2육교,N,N,N,N,N,N,35.18670553,126.8215862,Z
775,광주광역시,광산구,아름1육교,N,N,N,N,N,N,35.18290129,126.8212322,Z
776,광주광역시,광산구,수완육교,N,N,N,N,N,N,35.19774707,126.821562,Z
777,광주광역시,광산구,솔빛육교,N,N,N,N,N,N,35.19077723,126.8261229,Z
778,광주광역시,광산구,선운육교,N,Y,N,N,N,N,35.1465004,126.7778991,B
779,대구광역시,달성군,공단육교,N,N,N,N,N,N,35.724928,128.455397,Z
780,대구광역시,달성군,화원육교,N,N,N,N,N,N,35.807598,128.508197,Z
781,대구광역시,달성군,본리육교,N,N,N,N,N,N,35.78900546,128.4641388,Z
782,대구광역시,서구,서대구초교 육교,N,N,N,N,N,N,35.88673533,128.5583873,Z
783,대구광역시,서구,서구청앞 육교,N,N,N,N,N,N,35.87170331,128.5601843,Z
784,대구광역시,서구,서신 육교,N,N,N,N,N,N,35.8722847,128.5734591,Z
785,대구광역시,서구,비산보도 육교,Y,N,N,N,N,N,35.8832355,128.5646632,A
786,대구광역시,서구,원대보도 육교,Y,N,N,N,N,N,35.88096511,128.5742989,A
787,경기도,의정부시,솔뫼초교앞 육교,N,N,N,N,N,N,37.73174228,127.0828489,Z
788,경기도,의정부시,금오벽산아파트앞 육교,Y,N,N,N,N,N,37.75451516,127.0747778,A
789,경기도,의정부시,녹양택지 육교 1,N,Y,N,N,N,N,37.76035818,127.0397051,B
790,경기도,의정부시,녹양택지 육교 3,N,Y,N,N,N,N,37.76123659,127.0368482,B
791,경상남도,창원시,신촌삼거리 보도육교,N,Y,N,N,N,N,35.19580276,128.7107123,B
792,경상남도,창원시,외리육교,N,N,N,N,N,N,35.195034,128.704303,Z
793,경상남도,창원시,월영화인APT육교,N,N,N,N,N,N,35.174865,128.555269,Z
794,대전광역시,서구,매화보도교,N,N,N,N,N,N,36.25000076,127.3402643,Z
795,대전광역시,서구,가수원보도육교,Y,N,N,N,N,N,36.30443775,127.3510038,A
796,대전광역시,서구,용소보도육교,Y,N,N,N,N,N,36.3168958,127.3453566,A
797,대전광역시,서구,옥녀봉보도육교,N,Y,N,N,N,N,36.33216536,127.3461173,B
798,대전광역시,서구,노곡보도육교,Y,N,N,N,N,N,36.29382956,127.3434609,A
799,대전광역시,동구,명석보도육교,N,N,N,N,N,N,36.35256214,127.4534078,Z
800,대전광역시,서구,선암보도육교,Y,N,N,N,N,N,36.29636057,127.3361545,A
801,대전광역시,대덕구,신탄진역육교,N,N,N,N,N,N,36.44964034,127.4281585,Z
802,대전광역시,서구,한밭대교네거리육교,N,Y,N,N,N,N,36.35693917,127.4014316,B
803,대전광역시,중구,어덕마을로육교,N,Y,N,N,N,N,36.34284106,127.4088722,B
804,대전광역시,중구,대전상업고등학교 옆 육교,N,N,N,N,N,N,36.33322827,127.4213002,Z
805,대전광역시,대덕구,한남육교,Y,N,Y,N,N,N,36.35130671,127.4195759,TW
806,대전광역시,대덕구,한남육교,Y,N,Y,N,N,N,36.35117327,127.4195789,TW
807,대전광역시,유성구,대덕테크노밸리보도육교,Y,N,N,N,N,N,36.42488716,127.3936858,A
808,대전광역시,유성구,대덕테크노밸리보도육교,Y,N,N,N,N,N,36.42568565,127.3942039,A
809,대전광역시,동구,중앙철도시장육교,Y,Y,N,N,N,N,36.32646081,127.4341228,TW
810,대전광역시,중구,문화육교,N,N,N,N,N,N,36.31374293,127.4026281,Z
811,대전광역시,중구,문화육교,Y,N,N,N,N,N,36.31386988,127.4025105,A
812,대전광역시,중구,서대전육교,N,N,N,N,N,N,36.32005984,127.403752,Z
813,대전광역시,중구,서대전육교,N,Y,N,N,N,N,36.31985192,127.4037417,B
814,경상남도,창원시,자산 대림빌라 육교,N,N,N,N,N,N,35.205333,128.560798,Z
815,경상남도,창원시,해안로 반월육교,N,N,N,N,N,N,35.188721,128.565878,Z
816,경상남도,창원시,현동예곡마을육교,N,N,N,N,N,N,35.168581,128.555066,Z
817,경상남도,창원시,석전사거리육교,N,N,N,N,N,N,35.225265,128.571096,Z
818,경상남도,창원시,팔용육교,N,N,N,N,N,N,35.242995,128.591964,Z
819,경상남도,창원시,양덕초교앞육교,N,N,N,N,N,N,35.233424,128.587102,Z
820,경상남도,창원시,서광아파트앞육교,N,N,N,N,N,N,35.216209,128.612223,Z
821,경상남도,창원시,석전동육교,N,N,N,N,N,N,35.23057011,128.5694877,Z
822,경상남도,창원시,구암고교앞육교,N,N,N,N,N,N,35.247058,128.596815,Z
823,경상남도,창원시,중앙초교앞육교,N,N,N,N,N,N,35.248349,128.602593,Z
824,경상남도,창원시,회원육교,N,N,N,N,N,N,35.222676,128.568859,Z
825,경상남도,창원시,마여중앞육교,N,N,N,N,N,N,35.221316,128.561039,Z
826,경상남도,창원시,한전앞육교,N,N,N,N,N,N,35.251462,128.600483,Z
827,경상남도,창원시,풍호초등학교사거리,N,N,N,N,N,N,35.138659,128.709504,Z
828,경상남도,창원시,해군아파트사거리,N,N,N,N,N,N,35.144721,128.706803,Z
829,경상남도,창원시,경화육교,N,N,N,N,N,N,35.157454,128.681612,Z
830,경상남도,창원시,상공회의소사거리,N,N,N,N,N,N,35.160032,128.694904,Z
831,경상남도,창원시,대발령 보도육교,N,N,N,N,N,N,35.12270564,128.7121024,Z
832,대전광역시,대덕구,화정초교앞 도육교,Y,N,N,N,N,N,36.358064,127.4124963,A
833,대전광역시,대덕구,오정동보도육교,N,Y,N,N,N,N,36.3541031,127.4155351,B
834,대전광역시,대덕구,읍내동보도육교,Y,N,N,N,N,N,36.377602,127.426872,A
835,대전광역시,대덕구,와동보도육교,Y,N,N,N,N,N,36.39704069,127.4230697,A
836,대전광역시,대덕구,신탄진역보도육교,N,N,N,N,N,N,36.4493592,127.4276905,Z
837,대전광역시,대덕구,신대화아파트앞보도육교,N,N,N,N,N,N,36.365528,127.4181335,Z
838,대전광역시,대덕구,남경마을보도육교,N,Y,N,N,N,N,36.4439714,127.4293236,B
839,대전광역시,대덕구,제조창건널목보도육교,N,Y,N,N,N,N,36.4316468,127.4228726,B
840,서울특별시,종로구,신영로타리 보도육교,Y,N,N,N,N,N,37.603668,126.961852,A
841,서울특별시,종로구,세검 보도육교,Y,N,N,N,N,N,37.602095,126.961137,A
842,서울특별시,종로구,서울예고앞 보도육교,Y,N,N,N,N,N,37.606153,126.968444,A
843,대전광역시,서구,다모아보도육교,N,Y,N,N,N,N,36.363314,127.366608,B
844,대전광역시,서구,갑천1보도육교,N,Y,N,N,N,N,36.35826827,127.3596709,B
845,대전광역시,서구,갑천2보도육교,N,Y,N,N,N,N,36.35882369,127.3607653,B
846,대전광역시,서구,누리보도육교,N,Y,N,N,N,N,36.35778653,127.3687795,B
847,대전광역시,서구,수정보도육교,N,Y,N,N,N,N,36.357677,127.397012,B
848,대전광역시,서구,한밭보도육교,N,Y,N,N,N,N,36.35790766,127.4004413,B
849,서울특별시,구로구,고척교앞 보도육교,Y,N,N,N,N,N,37.4982869,126.8727319,A
850,서울특별시,구로구,이씨의다리 보도육교,N,N,N,N,N,N,37.51030426,126.8776202,Z
851,서울특별시,구로구,구일역앞 보도육교,Y,N,N,N,N,N,37.49507493,126.8720091,A
852,서울특별시,구로구,신구로유수지앞 보도육교,N,N,N,N,N,N,37.48850239,126.8731239,Z
853,경상남도,통영시,진남초교 앞 육교,N,N,N,N,N,N,34.83333882,128.4095877,Z
854,경상남도,통영시,산복도로육교,N,N,N,N,N,N,34.855819,128.425696,Z
855,부산광역시,남구,문현교차로육교,Y,N,N,N,N,N,35.1377825,129.0683281,A
856,부산광역시,남구,대천중학교앞,Y,N,N,N,N,N,35.1285448,129.1033023,A
857,부산광역시,남구,동항초 앞,N,N,N,N,N,N,35.1140153,129.0829062,Z
858,부산광역시,남구,오륙도길,Y,N,N,N,N,N,35.1022182,129.1167677,A
859,부산광역시,남구,신선대지하차도앞,Y,N,N,N,N,N,35.1262586,129.1013948,A
860,인천광역시,중구,남육교,N,Y,N,N,N,N,37.48978879,126.4870588,B
861,인천광역시,중구,방조제육교,N,N,N,N,N,N,37.49599534,126.4719929,Z
862,인천광역시,중구,북육교,N,Y,N,N,N,N,37.50019006,126.487737,B
863,인천광역시,중구,상업지구육교,N,Y,N,N,N,N,37.49281968,126.4871871,B
864,인천광역시,중구,중앙공원,N,Y,N,N,N,N,37.49564134,126.4875425,B
865,대전광역시,대덕구,신대화아파트앞보도육교,N,N,N,N,N,N,36.36546937,127.4189276,Z
866,대전광역시,중구,중촌시민공원육교,Y,N,N,N,N,N,36.34121168,127.405734,A
867,대전광역시,대덕구,신탄진과선교육교,N,N,N,N,N,N,36.44056871,127.4286875,Z
868,대전광역시,대덕구,신탄진과선교육교,N,N,N,N,N,N,36.44070726,127.4283867,Z
869,대전광역시,서구,갈마육교,N,N,N,N,N,N,36.35120091,127.3721584,Z
870,대전광역시,유성구,유림공원육교,N,Y,N,N,N,N,36.36084703,127.3586307,B
871,대전광역시,유성구,월드컵대로육교,Y,N,N,N,N,N,36.34851635,127.3437547,A
872,대전광역시,유성구,월골보도육교,N,Y,N,N,N,N,36.34227733,127.3390926,B
873,대전광역시,유성구,원신흥보도육교,Y,Y,N,N,N,N,36.33862935,127.3445289,TW
874,대전광역시,유성구,상대보도육교,Y,Y,N,N,N,N,36.34846291,127.3366639,TW
875,대전광역시,유성구,도안신도시트리풀시티9단지아파트육교,N,Y,N,N,N,N,36.3415006,127.3354459,B
876,대전광역시,유성구,원신흥들육교,Y,N,N,N,N,N,36.34033103,127.3502183,A
877,대전광역시,유성구,대전월드컵경기장육교,N,Y,N,N,N,N,36.36460951,127.3236266,B
878,제주특별자치도,서귀포시,영어교육도시 육교,Y,N,N,N,N,N,33.28997179,126.2872649,A
879,부산광역시,동구,두산위브포세이돈 앞 육교,N,N,N,N,N,N,35.13623118,129.0634594,Z
880,부산광역시,동구,좌천구름다리,Y,N,N,N,N,N,35.13305555,129.0553872,A
881,부산광역시,동구,부산진 과선인도교,N,N,N,N,N,N,35.136112,129.0574659,Z
882,부산광역시,부산진구,범곡교차로 옆 육교,N,N,N,N,N,N,35.14375608,129.0575102,Z
883,충청북도,제천시,제천역 선상보도육교,Y,N,N,N,N,N,37.12887867,128.2042885,A
884,충청남도,청양군,정산육교,N,N,N,N,N,N,36.4130575,126.9459473,Z
885,경기도,하남시,덕풍북로 보도육교,Y,Y,N,N,N,N,37.5543847,127.2013921,TW
886,경기도,하남시,덕풍로 보도육교(1),Y,Y,N,N,N,N,37.552943,127.2037608,TW
887,경기도,하남시,덕풍서로 보도육교,Y,Y,N,N,N,N,37.552943,127.2037608,TW
888,경기도,하남시,덕풍동로 보도육교,Y,Y,N,N,N,N,37.5511015,127.2096552,TW
889,경기도,하남시,덕풍로 보도육교(2),Y,Y,N,N,N,N,37.5511015,127.2096552,TW
890,경기도,하남시,덕풍남로 보도육교,Y,Y,N,N,N,N,37.54855826,127.209193,TW
891,경기도,하남시,조정대로 보도육교(1),Y,N,N,N,N,N,37.5535257,127.1946694,A
892,인천광역시,연수구,선학육교,N,N,N,N,N,N,37.431824,126.698702,Z
893,인천광역시,연수구,청학육교,Y,N,N,N,N,N,37.426685,126.665402,A
894,인천광역시,연수구,함박육교,N,Y,N,N,N,N,37.424568,126.678174,B
895,인천광역시,연수구,축현초교육교,Y,N,N,N,N,N,37.422744,126.653523,A
896,인천광역시,연수구,동막육교,Y,N,N,N,N,N,37.395571,126.662275,A
897,경기도,하남시,미사대로 보도육교(1),Y,Y,N,N,N,N,37.55362591,127.2132296,TW
898,경기도,하남시,미사강변대로 보도육교(1),Y,Y,N,N,N,N,37.57493919,127.1845149,TW
899,경기도,하남시,아리수로 보도육교,Y,Y,N,N,N,N,37.56570022,127.1939062,TW
900,경기도,하남시,미사강변대로 보도육교(2),Y,Y,N,N,N,N,37.56174338,127.1848254,TW
901,경기도,하남시,미사강변남로 보도육교,Y,Y,N,N,N,N,37.56191732,127.1996215,TW
902,경기도,하남시,조정대로 보도육교(2),Y,Y,N,N,N,N,37.55333648,127.190478,TW
903,경기도,하남시,조정대로 보도육교(3),Y,Y,N,N,N,N,37.55857099,127.1996957,TW
904,경기도,하남시,미사대로 보도육교(2),Y,Y,N,N,N,N,37.57865524,127.1935241,TW
905,경기도,하남시,위례대로 보도육교,Y,N,N,N,N,N,37.4772169,127.1483118,A
906,경기도,하남시,위례중앙로 보도육교,N,N,N,N,N,N,37.47538906,127.1441283,Z
907,경기도,하남시,하남위례교,N,N,N,N,N,N,37.5343761,127.1898908,Z
908,경기도,용인시,신촌초교 앞 보도육교,Y,N,N,N,N,N,37.32310191,127.1137964,A
909,경기도,용인시,꽃메보도육교,N,Y,N,N,N,N,37.32434791,127.1185155,B
910,경기도,용인시,죽전역 보도육교,Y,N,Y,N,N,N,37.32600723,127.1072693,TW
911,경기도,용인시,신촌초교 옆 보도육교,N,Y,N,N,N,N,37.32212531,127.1154885,B
912,경기도,용인시,상현 제1보도육교,N,N,N,N,N,N,37.30679118,127.0802501,Z
913,경기도,용인시,풍덕천 제4보도육교,Y,N,N,N,N,N,37.31549502,127.0873365,A
914,경기도,용인시,풍덕천 제5보도육교,Y,N,N,N,N,N,37.32703851,127.1024981,A
915,경기도,용인시,신봉 보도육교,Y,N,N,N,N,N,37.32265084,127.0776376,A
916,경기도,용인시,풍덕천 제1보도육교,Y,N,N,N,N,N,37.32395034,127.0879623,A
917,경기도,용인시,풍덕천 제2보도육교,N,Y,N,N,N,N,37.32054175,127.0916927,B
918,경기도,용인시,풍덕천 제3보도육교,N,Y,N,N,N,N,37.32245344,127.0896304,B
919,경기도,용인시,풍덕천 제6보도육교,N,Y,N,N,N,N,37.31807479,127.0878529,B
920,경기도,용인시,풍덕천교 앞 보도육교,N,Y,N,N,N,N,37.31792626,127.0949951,B
921,경기도,용인시,풍덕초교 앞 보도육교,Y,N,N,N,N,N,37.33136752,127.0974713,A
922,전라북도,전주시,오목교,N,N,N,N,N,N,35.8145034,127.155221,Z
923,전라북도,전주시,삼천,N,N,N,N,N,N,35.7937111,127.124698,Z
924,전라북도,전주시,우정신세계,N,N,N,N,N,N,35.8417412,127.167304,Z
925,전라북도,전주시,호남제일문,N,N,N,N,N,N,35.8697297,127.070288,Z
926,전라북도,전주시,북일초교앞,N,N,N,N,N,N,35.8398193,127.155435,Z
927,전라북도,전주시,하가지구,Y,N,N,N,N,N,35.8416623,127.110134,A
928,전라북도,전주시,장재육교,Y,N,N,N,N,N,35.8514837,127.160705,A
929,전라북도,전주시,중리하늘다리,Y,N,N,N,N,N,35.8356504,127.058715,A
930,대전광역시,서구,서부초보도육교,N,Y,N,N,N,N,36.33434825,127.3690867,B
931,대전광역시,서구,내동초교보도육교,N,Y,N,N,N,N,36.329868,127.379037,B
932,대전광역시,서구,신선보도육교,N,Y,N,N,N,N,36.298887,127.332167,B
933,대전광역시,대덕구,제조창건널목보도육교,N,Y,N,N,N,N,36.4322074,127.4240965,B
934,대전광역시,중구,충남여고앞 보도육교,N,Y,N,N,N,N,36.33090103,127.4095354,B
935,대전광역시,중구,오류동 보도육교,N,Y,N,N,N,N,36.32436161,127.402599,B
936,대전광역시,중구,산성동 보도육교,N,Y,N,N,N,N,36.30774978,127.3917075,B
937,대전광역시,중구,문화동 보도육교,N,Y,N,N,N,N,36.30944727,127.3971942,B
938,대전광역시,중구,버드내마을 아파트 앞 보도육교,Y,Y,N,N,N,N,36.31600744,127.3881365,TW
939,대전광역시,중구,안영동 보도육교,Y,Y,N,N,N,N,36.28235126,127.375866,TW
940,대전광역시,서구,다모아보도육교,N,Y,N,N,N,N,36.36335844,127.3666193,B
941,대전광역시,서구,갑천1보도육교,N,Y,N,N,N,N,36.35824764,127.359674,B
942,대전광역시,서구,갑천2보도육교,N,Y,N,N,N,N,36.35906688,127.360977,B
943,대전광역시,서구,누리보도육교,N,Y,N,N,N,N,36.35759171,127.3686938,B
944,대전광역시,서구,수정보도육교,N,Y,N,N,N,N,36.35756289,127.3968186,B
945,대전광역시,서구,한밭보도육교,N,Y,N,N,N,N,36.3581017,127.4007473,B
946,대전광역시,서구,갈마보도육교,N,N,N,N,N,N,36.34498915,127.379554,Z
947,대전광역시,서구,만년보도육교,N,Y,N,N,N,N,36.36833327,127.3795415,B
948,대전광역시,서구,서부초보도육교,N,Y,N,N,N,N,36.33425653,127.3696046,B
949,대전광역시,서구,내동초교보도육교,N,N,N,N,N,N,36.32987186,127.3790006,Z
950,대전광역시,서구,신선보도육교,N,Y,N,N,N,N,36.29882985,127.3320708,B
951,대전광역시,서구,구봉보도육교,N,Y,N,N,N,N,36.29647742,127.3310922,B
952,대전광역시,서구,가수원역보도육교,N,N,N,N,N,N,36.29914563,127.3566162,Z
953,대전광역시,서구,대신고보도육교,N,N,N,N,N,N,36.31100582,127.3799291,Z
954,대전광역시,서구,관저보도육교,N,Y,N,N,N,N,36.30280444,127.3433304,B
955,대전광역시,서구,월평초교보도육교,N,Y,N,N,N,N,36.35622649,127.3573091,B
956,대전광역시,서구,느리울보도육교,N,Y,N,N,N,N,36.29711942,127.3435547,B
957,경기도,안산시,용신보도육교,Y,N,N,N,N,N,37.30213565,126.8550899,A
958,경기도,안산시,반월보도육교,N,Y,N,N,N,N,37.30155772,126.9030505,B
959,경기도,안산시,수암1보도육교,N,Y,N,N,N,N,37.36191522,126.8760548,B
960,경기도,안산시,사사보도육교,N,Y,N,N,N,N,37.29684244,126.9308201,B
961,경기도,안산시,건건보도육교,Y,N,N,N,N,N,37.30323933,126.9028497,A
962,경기도,안산시,나들이길보도육교,N,Y,N,N,N,N,37.3204859,126.8572105,B
963,경기도,안산시,호수1보도육교,N,Y,N,N,N,N,37.30210932,126.8300775,B
964,경기도,안산시,호수2보도육교,N,Y,N,N,N,N,37.30210932,126.8300775,B
965,경기도,안산시,박우물보도육교,N,Y,N,N,N,N,37.31003975,126.8451577,B
966,경기도,안산시,사리보도육교,Y,Y,N,N,N,N,37.29492328,126.8257941,TW
967,경기도,안산시,마로니에보도육교,N,N,N,N,N,N,37.3036749,126.8371456,Z
968,경기도,안산시,호반1보도육교,N,N,N,N,N,N,37.30450333,126.8213619,Z
969,경기도,안산시,성포보도육교,Y,N,N,N,N,N,37.32700744,126.8507556,A
970,경기도,안산시,한대앞역보도육교,Y,N,N,N,N,N,37.31038189,126.8533807,A
971,경기도,안산시,조구나리보도육교,N,N,N,N,N,N,37.31095135,126.8438075,Z
972,경기도,안산시,부곡나래보도육교,Y,N,N,N,N,N,37.33020555,126.8590429,A
973,경기도,안산시,호반2보도육교,N,N,N,N,N,N,37.30264932,126.8184887,Z
974,경기도,안산시,도리섬보도육교,N,N,N,N,N,N,37.31171972,126.819758,Z
975,경기도,안산시,화정천보도육교,N,N,N,N,N,N,37.31842711,126.8231073,Z
976,경기도,안산시,신길보도육교,Y,N,N,N,N,N,37.33117947,126.7850035,A
977,경기도,안산시,안산역앞보도육교,Y,N,N,N,N,N,37.328931,126.7885232,A
978,서울특별시,서초구,반포보도육교,N,N,N,N,N,N,37.5018963,126.9911907,Z
979,서울특별시,서초구,잠원초등학교 앞 보도육교,N,N,N,N,N,N,37.4994867,126.9954663,Z
980,서울특별시,서초구,서래보도육교,N,N,N,N,N,N,37.4963571,126.9876122,Z
981,서울특별시,서초구,염곡마을 앞 보도육교,N,Y,N,N,N,N,37.4618884,127.0472377,B
982,대전광역시,서구,가람보도육교,N,Y,N,N,N,N,36.32424242,127.4023264,B
983,대전광역시,서구,갈마보도육교,N,Y,N,N,N,N,36.34493366,127.3795299,B
984,대전광역시,서구,만년보도육교,N,Y,N,N,N,N,36.36836837,127.3796297,B
985,대전광역시,서구,큰마을보도육교,Y,Y,N,N,N,N,36.34494939,127.3795425,TW
986,인천광역시,중구,미단시티육교,Y,Y,N,N,N,N,37.52658683,126.5141918,TW
987,인천광역시,중구,축항로,N,Y,N,N,N,N,37.44791945,126.6247446,B
988,인천광역시,중구,연안,N,N,N,N,N,N,37.44845613,126.6200767,Z
989,인천광역시,중구,인천항,N,N,N,N,N,N,37.45501108,126.628904,Z
990,충청북도,진천군,교연1육교,Y,N,Y,N,N,N,36.900171,127.540431,TW
991,충청북도,진천군,교연2육교,Y,N,Y,N,N,N,36.895871,127.528121,TW
992,충청북도,진천군,연미육교,Y,N,Y,N,N,N,36.907341,127.531761,TW
993,서울특별시,송파구,방이1 보행자전용교량,N,Y,Y,N,N,N,37.504812,127.123672,TW
994,서울특별시,송파구,방이2 보행자전용교량,N,Y,Y,N,N,N,37.504812,127.123672,TW
995,광주광역시,북구,청소년수련관앞육교,N,N,N,N,N,N,35.18389596,126.9188728,Z
996,광주광역시,북구,문흥보도육교,N,N,N,N,N,N,35.18438555,126.92412,Z
997,광주광역시,북구,서산육교,N,N,N,N,N,N,35.189162,126.9043657,Z
998,광주광역시,북구,고려중앞육교,N,N,N,N,N,N,35.19290598,126.8989548,Z
999,광주광역시,북구,삼각초교앞육교,N,N,N,N,N,N,35.19926475,126.8994863,Z
1000,광주광역시,북구,용봉천육교,N,N,N,N,N,N,35.18088055,126.8979977,Z
1001,광주광역시,북구,운암철도횡단육교,N,N,N,N,N,N,35.17245078,126.880886,Z
1002,광주광역시,북구,동운고가철도횡단육교,N,N,N,N,N,N,35.17217128,126.884966,Z
1003,광주광역시,북구,운암육교,N,N,N,N,N,N,35.174176,126.8823215,Z
1004,광주광역시,북구,문예회관앞육교,N,N,N,N,N,N,35.175993,126.8806529,Z
1005,광주광역시,북구,용봉육교,N,N,N,N,N,N,35.16857266,126.9001046,Z
1006,광주광역시,북구,동강육교,N,N,N,N,N,N,35.169549,126.9204413,Z
1007,충청남도,당진시,어원육교,N,N,N,N,N,N,36.89522204,126.6372983,Z
1008,충청남도,당진시,지석육교,N,N,N,N,N,N,36.8907092,126.6153545,Z
1009,충청남도,당진시,탑동육교,N,N,N,N,N,N,36.89736111,126.6231851,Z
1010,충청남도,당진시,복운육교,N,N,N,N,N,N,36.94429653,126.7837215,Z
1011,충청남도,논산시,논산역 인도육교,N,N,N,N,N,N,36.206436,127.092944,Z
1012,충청남도,논산시,놀뫼대로 보도육교,N,N,N,N,N,N,36.1969545,127.083561,Z
1013,충청남도,논산시,득안대로 보도육교,N,N,N,N,N,N,36.191898,127.088012,Z
1014,경기도,군포시,산본역 보도육교,N,Y,Y,N,N,N,37.35831991,126.9322914,TW
1015,경기도,군포시,둔전초교 보도육교,N,Y,N,N,N,N,37.36024437,126.9225259,B
1016,경기도,군포시,산본 보도육교,N,N,N,N,N,N,37.37465152,126.9381451,Z
1017,광주광역시,북구,동림초교앞육교,N,N,N,N,N,N,35.18702965,126.8666034,Z
1018,광주광역시,북구,연제보도교,N,Y,Y,N,N,N,35.20650003,126.8619175,TW
1019,광주광역시,북구,양산제2육교,N,N,N,N,N,N,35.19539509,126.8765241,Z
1020,광주광역시,북구,월산제1육교,N,Y,N,N,N,N,35.21336877,126.9503364,B
1021,광주광역시,북구,월산제2육교,N,Y,N,N,N,N,35.20986272,126.9521392,B
1022,강원도,삼척시,정라육교,N,N,N,N,N,N,37.44080807,129.1786021,Z
1023,강원도,삼척시,정상육교,N,N,N,N,N,N,37.44825655,129.1779846,Z
1024,강원도,삼척시,종합운동장교,N,N,N,N,N,N,37.45465518,129.1724399,Z
1025,인천광역시,부평구,부평역보도육교,N,N,N,N,N,N,37.48956767,126.7233506,Z
1026,인천광역시,부평구,서초보도육교,N,N,N,N,N,N,37.48804347,126.7421652,Z
1027,인천광역시,부평구,신촌보도육교,N,Y,N,N,N,N,37.48589709,126.7075753,B
1028,인천광역시,부평구,구산동보도육교,N,Y,N,N,N,N,37.48061162,126.7528825,B
1029,인천광역시,부평구,행복육교,Y,N,N,N,N,N,37.48771459,126.7140859,A
1030,인천광역시,부평구,구산초교육교,N,Y,N,N,N,N,37.50659343,126.7396592,B
1031,인천광역시,부평구,굴포초교욱교,N,Y,N,N,N,N,37.51166541,126.7373257,B
1032,인천광역시,부평구,진산초교육교,N,N,N,N,N,N,37.51213891,126.7405985,Z
1033,서울특별시,용산구,한강초교앞보도육교,Y,N,N,N,N,N,37.5254668,126.964704,A
1034,서울특별시,용산구,한남초교앞보도육교,Y,N,N,N,N,N,37.5392032,127.0055986,A
1035,서울특별시,용산구,한남오거리앞보도육교,N,N,N,N,N,N,37.53556311,127.0065487,Z
1036,서울특별시,용산구,이촌고가차도,Y,N,N,N,N,N,37.52448791,126.9579667,A
1037,경기도,시흥시,신천육교,N,Y,N,N,N,N,37.441681,126.781783,B
1038,경기도,시흥시,은행대한주유소 앞 육교,N,Y,N,N,N,N,37.438848,126.792077,B
1039,경기도,시흥시,대흥중학교 육교,N,N,N,N,N,N,37.446863,126.784962,Z
1040,경기도,시흥시,신천배수지 육교,N,N,N,N,N,N,37.44478255,126.7809964,Z
1041,경기도,시흥시,보행1육교,N,Y,N,N,N,N,37.354206,126.724486,B
1042,경기도,시흥시,보행2육교,N,Y,N,N,N,N,37.348023,126.734518,B
1043,경기도,시흥시,보행3육교,N,Y,N,N,N,N,37.346008,126.737776,B
1044,경기도,시흥시,보행4육교,N,Y,N,N,N,N,37.338694,126.749563,B
1045,경기도,시흥시,정왕2육교,N,Y,N,N,N,N,37.350964,126.729704,B
1046,경기도,시흥시,검도수련관 앞 육교,N,Y,N,N,N,N,37.367196,126.736695,B
1047,경기도,시흥시,능곡초등학교 앞 육교,N,Y,N,N,N,N,37.36525252,126.8114476,B
1048,경기도,시흥시,노인복지회관 앞 육교,N,Y,N,N,N,N,37.368353,126.812732,B
1049,인천광역시,부평구,여울보도육교,N,Y,N,N,N,N,37.51333362,126.7410016,B
1050,인천광역시,부평구,삼산1보도육교,Y,Y,N,N,N,N,37.51819546,126.7497965,TW
1051,인천광역시,부평구,삼산2보도육교,Y,Y,N,N,N,N,37.51655745,126.7485267,TW
1052,경기도,안산시,광덕보도육교,N,N,N,N,N,N,37.3303338,126.8437189,Z
1053,경기도,안산시,부곡보도육교,N,N,N,N,N,N,37.32864894,126.858676,Z
1054,경기도,안산시,수암보도육교,N,N,N,N,N,N,37.35843738,126.8747192,Z
1055,경기도,안산시,월피보도육교,N,N,N,N,N,N,37.33246108,126.8458123,Z
1056,경기도,안산시,본오보도육교,N,Y,N,N,N,N,37.28126921,126.8507063,B
1057,경기도,안산시,항가울산보도육교,N,N,N,N,N,N,37.28973895,126.8448053,Z
1058,대전광역시,대덕구,남경마을보도육교,N,Y,N,N,N,N,36.44412663,127.4294252,B
1059,전라남도,순천시,여상육교,N,N,N,N,N,N,34.92648591,127.4909029,Z
1060,전라남도,순천시,이수육교,N,N,N,N,N,N,34.94907198,127.5046138,Z
1061,전라남도,순천시,조례육교2,N,N,N,N,N,N,34.95512365,127.5229825,Z
1062,전라남도,순천시,남산육교,N,N,N,N,N,N,34.93987933,127.4949122,Z
1063,서울특별시,용산구,용산가족공원보도육교,Y,N,N,N,N,N,37.52470233,126.9777412,A
1064,서울특별시,용산구,크라운호텔앞보도육교,N,N,N,N,N,N,37.53072639,126.9911211,Z
1065,서울특별시,용산구,한강중학교앞보도육교,Y,N,N,N,N,N,37.51974875,126.9938825,A
1066,서울특별시,서초구,탑성마을 앞 보도육교,Y,N,N,N,N,N,37.4586838,127.0558256,A
1067,서울특별시,서초구,안골마을 앞 보도육교,N,N,N,N,N,N,37.4547182,127.0612953,Z
1068,서울특별시,서초구,방일초교 앞 보도육교,N,N,N,N,N,N,37.4849418,126.9927877,Z
1069,서울특별시,서초구,내곡 보도육교,N,N,N,N,N,N,37.455485,127.0688514,Z
1070,서울특별시,서초구,논현 보도육교,N,N,N,N,N,N,37.4737336,127.0460069,Z
1071,서울특별시,서초구,센트럴씨티 보도육교,N,Y,N,N,N,N,37.5044295,127.0055714,B
1072,서울특별시,서초구,아쿠아아트 보도육교,N,Y,N,N,N,N,37.4820206,127.0139997,B
1073,서울특별시,서초구,누에다리 보도육교,N,N,N,N,N,N,37.49574323,127.0026098,Z
1074,서울특별시,서초구,서리풀다리 보도육교,N,N,N,N,N,N,37.4941416,127.0009568,Z
1075,서울특별시,서초구,우면1구름다리 보도육교,Y,N,N,N,N,N,37.46471047,127.0237693,A
1076,서울특별시,서초구,우면2구름다리 보도육교,N,N,N,N,N,N,37.4624313,127.0239044,Z
1077,서울특별시,서초구,서초보금자리 앞 보도육교,Y,N,N,N,N,N,37.4596342,127.0224342,A
1078,대전광역시,유성구,죽동보도육교,Y,N,N,N,N,N,36.36662429,127.3317279,A
1079,대전광역시,유성구,월드컵보도육교,Y,N,N,N,N,N,36.36680701,127.3231748,A
1080,대전광역시,대덕구,화정초교앞 도육교,Y,N,N,N,N,N,36.35836935,127.4125148,A
1081,대전광역시,대덕구,오정동보도육교,N,Y,N,N,N,N,36.35379197,127.415256,B
1082,대전광역시,대덕구,읍내동보도육교,Y,N,N,N,N,N,36.37734528,127.4271044,A
1083,대전광역시,대덕구,와동보도육교,Y,N,N,N,N,N,36.39693423,127.422872,A
1084,대전광역시,대덕구,신탄진역보도육교,N,N,N,N,N,N,36.44934052,127.4281987,Z
1085,전라남도,순천시,금당육교,N,N,N,N,N,N,34.9516896,127.5225184,Z
1086,전라남도,순천시,풍전육교,N,N,N,N,N,N,34.957017,127.528195,Z
1087,전라남도,순천시,강변육교,N,N,N,N,N,N,34.93074832,127.511607,Z
1088,전라남도,순천시,송촌육교,N,N,N,N,N,N,34.95911984,127.5318195,Z
1089,전라남도,순천시,연향철도육교,N,Y,N,N,N,N,34.94151658,127.5281241,B
1090,전라남도,순천시,연향철도육교2,N,Y,N,N,N,N,34.942741,127.528653,B
1091,전라남도,순천시,조례보도육교,Y,N,N,N,N,N,34.952821,127.531859,A
1092,전라남도,순천시,순천역제1육교,Y,N,N,N,N,N,34.942875,127.524664,A
1093,전라남도,순천시,순천역제2육교,Y,N,N,N,N,N,34.942816,127.503461,A
1094,전라남도,순천시,좌야육교,Y,N,N,N,N,N,34.938794,127.542308,A
1095,충청남도,당진시,합덕육교,N,N,N,N,N,N,36.80424883,126.7782135,Z
1096,충청남도,당진시,북창육교,N,N,N,N,N,N,36.85027732,126.7643736,Z
1097,충청남도,당진시,순성육교,N,N,N,N,N,N,36.84264269,126.7104664,Z
1098,서울특별시,중구,숭의리라초교,N,N,N,N,N,N,37.55795965,126.9873411,Z
1099,서울특별시,중구,충무초교앞,N,N,N,N,N,N,37.56223553,127.0025381,Z
1100,경기도,안성시,양변보도육교,Y,N,N,N,N,N,36.96346402,127.2475563,A
1101,경기도,안성시,만정보도육교,Y,N,N,N,N,N,37.00301358,127.1765737,A
1102,경기도,안성시,송원보도육교,N,Y,N,N,N,N,37.00430192,127.1726386,B
1103,경기도,안성시,건지보도육교,N,N,N,N,N,N,37.01339361,127.2542459,Z
1104,광주광역시,남구,백운육교,N,N,N,N,N,N,35.137708,126.9017997,Z
1105,광주광역시,남구,월산육교,N,N,N,N,N,N,35.147768,126.897179,Z
1106,광주광역시,남구,대성육교,N,N,N,N,N,N,35.143244,126.905334,Z
1107,광주광역시,남구,효천육교,N,N,N,N,N,N,35.10411075,126.8787961,Z
1108,광주광역시,남구,제석산구름다리,N,N,N,N,N,N,35.117645,126.906491,Z
1109,광주광역시,남구,효덕1육교,Y,N,N,N,N,N,35.11532682,126.897384,A
1110,광주광역시,남구,효덕2육교,N,N,N,N,N,N,35.11035129,126.893261,Z
1111,광주광역시,남구,달맞이육교,N,Y,N,N,N,N,35.106506,126.904673,B
1112,광주광역시,남구,행암육교,Y,N,N,N,N,N,35.10266055,126.8897524,A
1113,충청남도,아산시,온천육교,N,N,N,N,N,N,36.7903914,126.9992997,Z
1114,충청남도,아산시,동신육교,N,N,N,N,N,N,36.7791677,127.0152515,Z
1115,충청남도,아산시,권곡육교,N,Y,N,N,N,N,36.790298,127.102733,B
1116,충청남도,아산시,천도육교,N,Y,N,N,N,N,36.7877258,126.990613,B
1117,충청남도,아산시,권곡초교육교,N,Y,N,N,N,N,36.7898461,127.0134712,B
1118,충청남도,아산시,장항선육교,Y,N,N,N,N,N,36.7776938,127.017152,A
1119,충청남도,아산시,풍기초육교,N,N,N,N,N,N,36.7728113,127.016162,Z
1120,충청남도,아산시,공수육교,N,N,N,N,N,N,36.7741926,127.0609687,Z
1121,충청남도,아산시,남동육교,N,N,N,N,N,N,36.7804883,127.0512396,Z
1122,경기도,구리시,갈매중앙육교,Y,N,N,N,N,N,37.63244035,127.1180029,A
1123,충청남도,당진시,합도육교,N,N,N,N,N,N,36.81044064,126.7545521,Z
1124,서울특별시,강동구,신암육교,N,N,N,N,N,N,37.554725,127.132644,Z
1125,서울특별시,강동구,고덕육교,N,N,N,N,N,N,37.560702,127.159826,Z
1126,서울특별시,강동구,한영육교,N,N,N,N,N,N,37.547186,127.156047,Z
1127,서울특별시,강동구,천동육교,N,N,N,N,N,N,37.540488,127.136884,Z
1128,서울특별시,강동구,암사육교,N,N,N,N,N,N,37.554741,127.127605,Z
1129,서울특별시,강동구,리엔육교,N,N,N,N,N,N,37.560666,127.172235,Z
1130,서울특별시,강동구,게내육교,N,N,N,N,N,N,37.559288,127.171977,Z
1131,서울특별시,강동구,강일육교,N,N,N,N,N,N,37.565504,127.176338,Z
1132,서울특별시,강동구,숲길교,N,N,N,N,N,N,37.549783,127.158935,Z
1133,경기도,시흥시,배곧 C4 보도육교,N,N,N,N,N,N,37.36254372,126.7178639,Z
1134,경기도,시흥시,서해안로 보행육교,N,Y,N,N,N,N,37.36450935,126.7280131,B
1135,경기도,시흥시,생명교(배곧) 보도육교,N,Y,N,N,N,N,37.36773941,126.7142307,B
1136,경기도,시흥시,두드림교 보도육교,N,Y,N,N,N,N,37.36773941,126.7142307,B
1137,경기도,구리시,도림초교앞 보도육교,N,N,N,N,N,N,37.5932866,127.1299671,Z
1138,경기도,구리시,왕숙천둔치연결 보도육교,N,Y,N,N,N,N,37.60028887,127.1492006,B
1139,전라남도,여수시,가곡육교,N,N,N,N,N,N,34.7692783,127.662535,Z
1140,전라남도,여수시,덕충육교,N,N,N,N,N,N,34.7538475,127.735749,Z
1141,전라남도,여수시,둔덕육교,Y,N,N,N,N,N,34.7674544,127.693913,A
1142,전라남도,여수시,라온육교,N,N,N,N,N,N,34.783835,127.695611,Z
1143,전라남도,여수시,무선육교,N,N,N,N,N,N,34.7678056,127.654833,Z
1144,전라남도,여수시,미평육교,N,N,N,N,N,N,34.7637515,127.7066206,Z
1145,전라남도,여수시,봉강육교,N,N,N,N,N,N,34.7428744,127.726282,Z
1146,전라남도,여수시,봉산육교,N,N,N,N,N,N,34.736583,127.720025,Z
1147,전라남도,여수시,서교육교,N,N,N,N,N,N,34.7411062,127.728047,Z
1148,부산광역시,기장군,보행1육교,Y,Y,N,N,N,N,35.33196766,129.1672729,TW
1149,부산광역시,기장군,보행2육교,Y,Y,N,N,N,N,35.32390251,129.1729714,TW
1150,부산광역시,기장군,보행3육교,Y,Y,N,N,N,N,35.32170491,129.176269,TW
1151,부산광역시,기장군,보행4육교,Y,Y,N,N,N,N,35.32043902,129.1796389,TW
1152,부산광역시,기장군,보행5육교,N,Y,N,N,N,N,35.327723,129.1815276,B
1153,부산광역시,기장군,보행6육교,N,Y,N,N,N,N,35.322188,129.1818961,B
1154,부산광역시,기장군,보행7육교,Y,Y,N,N,N,N,35.32180938,129.1786078,TW
1155,부산광역시,기장군,연화육교,N,N,N,N,N,N,35.217369,129.211688,Z
1156,부산광역시,기장군,내리육교,N,Y,N,N,N,N,35.20405367,129.2071697,B
1157,부산광역시,기장군,대라철도육교,N,N,N,N,N,N,35.2377774,129.217104,Z
1158,서울특별시,구로구,경인철도횡단 보도육교,N,N,N,N,N,N,37.49340935,126.8339448,Z
1159,서울특별시,구로구,구일우성아파트 앞 보도육교,Y,N,N,N,N,N,37.48975717,126.8770793,A
1160,서울특별시,구로구,오정초교앞 보도육교,Y,N,N,N,N,N,37.49016576,126.8264393,A
1161,서울특별시,구로구,골말공원 앞 보도육교,Y,N,N,N,N,N,37.48306946,126.8856199,A
1162,서울특별시,구로구,효성아파트 앞 보도육교,N,N,N,N,N,N,37.478796,126.895629,Z
1163,전라남도,여수시,소호육교,N,N,N,N,N,N,34.746841,127.654601,Z
1164,전라남도,여수시,시전2육교,N,N,Y,N,N,N,34.7607877,127.675593,C
1165,전라남도,여수시,시전육교,Y,N,Y,N,N,N,34.7604961,127.674545,TW
1166,전라남도,여수시,신기2육교,N,N,N,N,N,N,34.7644115,127.675545,Z
1167,전라남도,여수시,신기육교,N,N,N,N,N,N,34.7643916,127.6791478,Z
1168,전라남도,여수시,신월육교,N,N,N,N,N,N,34.7271942,127.712455,Z
1169,전라남도,여수시,심곡다리,N,N,N,N,N,N,34.761388,127.638192,Z
1170,전라남도,여수시,심곡보도교,N,N,N,N,N,N,34.762499,,Z
1171,전라남도,여수시,여천육교,N,N,N,N,N,N,34.7877782,127.656913,Z
1172,전라남도,여수시,웅천육교,N,Y,N,N,N,N,34.748672,127.677565,B
1173,전라남도,여수시,좌수영다리,N,N,N,N,N,N,34.741352,127.737375,Z
1174,전라남도,여수시,진남육교,N,N,N,N,N,N,34.7711531,127.705953,Z
1175,전라남도,여수시,충민육교,Y,N,Y,N,N,N,34.757349,127.726236,TW
1176,전라남도,여수시,터미널육교,Y,N,Y,N,N,N,34.7584145,127.717112,TW
1177,전라남도,여수시,한려육교,Y,N,N,N,N,N,34.767155,127.689867,A
1178,전라남도,여수시,한재육교,N,N,N,N,N,N,34.743892,127.721859,Z
1179,충청북도,청주시,강서육교,Y,N,N,N,N,N,36.6265504,127.4216014,A
1180,충청북도,청주시,휴암육교,Y,N,N,N,N,N,36.6212533,127.4033582,A
1181,충청북도,청주시,오송육교,Y,Y,N,N,N,N,36.6293826,127.3263202,TW
1182,충청북도,청주시,율량육교1,N,N,N,N,N,N,36.675166,127.483342,Z
1183,충청북도,청주시,율량육교2,N,Y,Y,N,N,N,36.674693,127.486861,TW
1184,충청북도,청주시,구룡육교,N,N,N,N,N,N,36.709231,127.415667,Z
1185,충청북도,청주시,가마육교,N,N,N,N,N,N,37.0496045,126.6313274,Z
1186,충청북도,청주시,충북고앞육교,N,N,N,N,N,N,36.608376,127.4817602,Z
1187,충청북도,청주시,사직초교육교,N,N,N,N,N,N,36.6308235,127.4777934,Z
1188,충청북도,청주시,성화보도육교,N,Y,N,N,N,N,36.6148013,127.4487713,B
1189,충청북도,청주시,홈플러스앞육교,N,Y,N,N,N,N,36.614725,127.442641,B
1190,충청북도,청주시,부첫대육교,N,N,N,N,N,N,36.556463,127.463523,Z
1191,부산광역시,해운대구,반여3동 우체국앞 육교,N,Y,N,N,N,N,35.20129952,129.1317399,B
1192,부산광역시,해운대구,센텀파크APT 주변 보도육교 1,Y,N,N,N,N,N,35.17912316,129.1240043,A
1193,부산광역시,해운대구,센텀파크APT 주변 보도육교 2,Y,N,N,N,N,N,35.17859965,129.1230248,A
1194,부산광역시,해운대구,센텀파크APT 주변 보도육교 3,N,N,N,N,N,N,35.17823397,129.1233226,Z
1195,부산광역시,해운대구,센텀파크APT 주변 보도육교 4,Y,N,N,N,N,N,35.17629592,129.1248965,A
1196,부산광역시,해운대구,센텀중학교 인근 보도육교,Y,N,N,N,N,N,35.17521672,129.1227173,A
1197,부산광역시,중구,연안여객부두 앞 육교,Y,N,N,N,N,N,35.1011811,129.0374156,A
1198,부산광역시,중구,봉래초등학교 앞 육교,Y,N,N,N,N,N,35.1123457,129.0372171,A
1199,부산광역시,서구,송도곡각지 앞 육교,Y,N,N,N,N,N,35.078649,129.018301,A
1200,부산광역시,서구,동신초등학교 앞 육교,Y,N,N,N,N,N,35.114451,129.019473,A
1201,부산광역시,서구,구덕야구장 앞 육교,Y,N,N,N,N,N,35.116255,129.017289,A
1202,부산광역시,서구,부산여중 앞 육교,Y,N,N,N,N,N,35.118217,129.015319,A
1203,부산광역시,서구,구덕초등학교 앞 육교,Y,N,N,N,N,N,35.119767,129.012297,A
1204,부산광역시,서구,송도곡각지 앞 육교,Y,N,N,N,N,N,35.078649,129.018301,A
1205,부산광역시,서구,동신초등학교 앞 육교,Y,N,N,N,N,N,35.114451,129.019473,A
1206,부산광역시,서구,구덕야구장 앞 육교,Y,N,N,N,N,N,35.116255,129.017289,A
1207,부산광역시,서구,부산여중 앞 육교,Y,N,N,N,N,N,35.118217,129.015319,A
1208,부산광역시,서구,구덕초등학교 앞 육교,Y,N,N,N,N,N,35.119767,129.012297,A
1209,경상북도,구미시,LG육교,N,N,N,N,N,N,36.126882,128.413608,Z
1210,경상북도,고아읍,고아육교,N,N,N,N,N,N,36.187881,128.348121,Z
1211,경상북도,구미시,공단육교,N,N,N,N,N,N,36.110916,128.377824,Z
1212,경상북도,구미시,광평육교,N,N,N,N,N,N,36.112681,128.363918,Z
1213,경상북도,구미시,구평IC육교,Y,N,N,N,N,N,36.092201,128.450052,A
