육교명,도로종류,도로노선번호,도로노선명,소재지도로명주소,위도,경도,육교연장,육교높이,허용통행하중,통행제한높이,육교폭,난간높이,조명개수,장애인편의시설설치여부,장애인편의시설종류,장애인편의시설수량,부대시설종류,부대시설수량,육교준공일자,내진설계적용여부,안전등급,사용제한구분,육교보수보강내역,최종안전점검유형,최종안전점검일자,관리기관명,데이터기준일자,제공기관코드,제공기관명
영등포역 횡단 보도육교,기타,없음,경인선,서울특별시 영등포구 경인로94길 7,37.513895,126.903695,83.0,,0.5,5.6,3.2,1.8,14.0,Y,엘리베이터,,,,1974-12-01, ,보통,제한없음,,정기점검,2022-04-16,서울특별시 영등포구청,2022-07-04,3180000,서울특별시 영등포구
문래 보도육교,시도,245,서부간선도로,서울특별시 영등포구 문래로4길 4,37.520246,126.882018,40.0,5.1,0.5,4.5,4.0,1.2,,Y,엘리베이터,,,,2006-06-30,Y,양호,제한없음,,정기점검,2022-04-16,서울특별시 영등포구청,2022-07-04,3180000,서울특별시 영등포구
양평1 보도육교,시도,245,서부간선도로,서울특별시 영등포구 양산로 3,37.526193,126.883081,43.0,5.7,0.5,4.5,4.0,1.2,,Y,엘리베이터,,,,2006-06-30,Y,양호,제한없음,,정기점검,2022-04-16,서울특별시 영등포구청,2022-07-04,3180000,서울특별시 영등포구
양평2 보도육교,시도,245,서부간선도로,서울특별시 영등포구 양평로21길 26,37.533447,126.891821,45.0,5.7,0.34,4.5,4.0,1.2,,Y,엘리베이터,,,,2006-06-30,Y,양호,제한없음,,정기점검,2022-04-16,서울특별시 영등포구청,2022-07-04,3180000,서울특별시 영등포구
선유도 기존보도육교,시도,199,"노들로, 올림픽대로",서울특별시 영등포구 양평로24길 36,37.541546,126.895135,108.0,,,4.5,4.0,1.0,5.0,Y,엘리베이터,,,,1978-11-30, ,양호,제한없음,,정기점검,2022-04-16,서울특별시 영등포구청,2022-07-04,3180000,서울특별시 영등포구
지방도1042호선 보도육교,지방도,1042호선,선천로,경상남도 김해시 주촌면 선천남로 16,35.2369036,128.8378556,48.0,,,4.5,3.0,,,Y,엘리베이터,,,,, ,양호,제한없음,,정기점검,2022-09-01,경상남도 김해시청,2022-11-18,5350000,경상남도 김해시
장평육교,일반국도,58호선,장평3로,경상남도 거제시 장평3로 10,34.88944152,128.6094016,104.5,,,4.5,2.5,,,Y,엘리베이터,,,,2008-01-01, ,보통,제한없음,,정기점검,2022-10-11,경상남도 거제시청 도로과,2022-12-01,5370000,경상남도 거제시
중곡동육교,일반국도,58호선,거제대로,경상남도 거제시 중곡로 3,34.89303358,128.6302802,43.7,,,4.7,4.0,,,Y,엘리베이터,,,,1998-01-01, ,보통,제한없음,,정기점검,2022-10-11,경상남도 거제시청 도로과,2022-12-01,5370000,경상남도 거제시
중흥보도육교,시도,,신흥로,경기도 부천시 신흥로 248,37.50573381,126.7758799,30.0,,,7.0,6.0,,,Y,엘리베이터,,,,1998-04-28, ,양호,제한없음,,정기점검,2021-12-21,경기도 부천시 도로관리과,2022-10-24,3860000,경기도 부천시
주원철도,구도,,석정로,인천광역시 남동구 석정로 566번길,37.464795,126.698904,30.0,,,4.5,5.0,,,Y,엘리베이터,1.0,,,1987-01-01, ,양호,제한없음,,정기점검,2021-12-23,인천광역시 남동구청,2022-11-09,3530000,인천광역시 남동구
논현택지2보도육교,시도,,은봉로,인천광역시 남동구 논현로 17,37.40360418,126.7088091,92.0,,,4.5,4.0,,,Y,엘리베이터,1.0,,,2009-01-01, ,양호,제한없음,,정기점검,2021-12-23,인천광역시 남동구청,2022-11-09,3530000,인천광역시 남동구
해안도로,구도,,아암대로,인천광역시 남동구 아암대로 1239,37.384457,126.7052872,80.0,,,4.5,3.0,,,Y,엘리베이터,1.0,,,2010-01-01, ,양호,제한없음,,정기점검,2021-12-23,인천광역시 남동구청,2022-11-09,3530000,인천광역시 남동구
나무를 타는 아이,시도,,해운대로,부산광역시 해운대구 해운대로 428,35.16557349,129.1381373,109.2,,,6.0,3.3,,,Y,엘리베이터,,,,2002-01-01,N,양호,제한없음,,정기점검,2022-07-08,부산광역시 해운대구,2022-11-18,3330000,부산광역시 해운대구
충민교,시도,,경제로,인천광역시 서구 청라동 112-34,37.53603023,126.6548661,71.6,5.5,,4.5,8.1,1.5,140.0,Y,엘리베이터+경사로,3.0,N,0.0,2012-06-30,Y,보통,제한없음,,정밀점검,2019-06-18,인천광역시 서구,2022-07-20,3560000,인천광역시 서구
장경교,시도,,청중로,인천광역시 서구 청라라임로16번길18,37.529964,126.654881,83.4,5.5,,4.5,8.1,1.5,208.0,Y,엘리베이터+경사로,3.0,N,0.0,2012-06-30,Y,보통,제한없음,,정밀점검,2019-06-18,인천광역시 서구,2022-07-20,3560000,인천광역시 서구
장숙교,시도,,경제로,인천광역시 서구 청라루미로134번길 6-32,37.536123,126.642651,40.0,5.5,,4.5,7.8,1.5,154.0,Y,엘리베이터+경사로,3.0,N,0.0,2012-06-30,Y,보통,제한없음,,정밀점검,2019-06-18,인천광역시 서구,2022-07-20,3560000,인천광역시 서구
구산동 보도육교,일반국도,58호선,김해대로,경상남도 김해시 김해대로 1960,35.252044,128.867447,44.0,,,4.8,3.0,,,Y,엘리베이터,,,,, ,양호,제한없음,,정기점검,2022-04-01,경상남도 김해시청,2022-11-18,5350000,경상남도 김해시
조은금강병원앞 보도육교,일반국도,58호선,김해대로,경상남도 김해시 김해대로 1806,35.264838,128.863084,30.7,,,5.0,3.0,,,Y,엘리베이터,,,,, ,양호,제한없음,,정기점검,2022-04-01,경상남도 김해시청,2022-11-18,5350000,경상남도 김해시
부영6차아파트앞 보도육교,일반국도,58호선,김해대로,경상남도 김해시 삼계중앙로5번길 1-10,35.260544,128.865325,33.9,,,5.0,3.0,,,Y,엘리베이터,,,,, ,양호,제한없음,,정기점검,2022-04-01,경상남도 김해시청,2022-11-18,5350000,경상남도 김해시
우암초등학교앞 보도육교,일반국도,58호선,금관대로,경상남도 김해시 평전로 192,35.24435875,128.8642617,22.7,,,5.0,3.0,,,Y,엘리베이터,,,,, ,양호,제한없음,,정기점검,2022-04-01,경상남도 김해시청,2022-11-18,5350000,경상남도 김해시
갈산하늘다리(보도육교),지방도,713호선,이서남로,전라북도 완주군 이서면 금평리 788,35.8190696,127.0441221,,,,4.8,,,,Y,엘리베이터,,,,, ,양호,제한없음,,정기점검,2022-11-07,전라북도 완주군 도로교통과,2022-11-24,4720000,전라북도 완주군
호수공원육교,시도,,광교호수로,경기도 수원시 영통구 광교호수로152번길 80,37.27831028,127.0681819,109.0,6.0,,5.0,4.5,,,Y,엘리베이터+경사로,,,,, ,양호,제한없음,,정기점검,2021-05-28,경기도 수원시 영통구청,2022-09-30,3740000,경기도 수원시
애경육교,일반국도,43번,덕영대로,경기도 수원시 팔달구 덕영대로 923-10,37.2659137,127.0016871,33.2,5.0,,5.0,4.0,,,Y,엘리베이터,,,,, ,보통,제한없음,,정기점검,2021-04-24,경기도 수원시 팔달구청,2022-09-30,3740000,경기도 수원시
효원육교,시도,,동수원로,경기도 수원시 팔달구 동수원로 335,37.25939225,127.0364507,67.8,5.0,,4.8,4.5,,,Y,엘리베이터,,,,, ,양호,제한없음,,정기점검,2021-04-24,경기도 수원시 팔달구청,2022-09-30,3740000,경기도 수원시
신나무실육교,시도,,매영로,경기도 수원시 영통구 매영로 346,37.25149899,127.0702949,54.4,6.0,,4.8,5.4,,,Y,엘리베이터+에스컬레이터,,,,, ,보통,제한없음,,정기점검,2021-05-28,경기도 수원시 영통구청,2022-09-30,3740000,경기도 수원시
소화육교,시도,,광교중앙로,경기도 수원시 영통구 광교중앙로37번길 47,37.27814864,127.0513981,50.0,6.5,,5.0,4.5,,,Y,엘리베이터,,,,, ,양호,제한없음,,정기점검,2021-05-28,경기도 수원시 영통구청,2022-09-30,3740000,경기도 수원시
평화육교,일반국도,국4호,김천로,경상북도 김천시 김천로 119,36.122942,128.115125,240.0,7.5,0.0,10.0,3.5,0.0,0.0,Y,엘리베이터,2.0,없음,0.0,1994-09-12,N,보통,제한없음,없음,정기점검,2021-11-11,경상북도 김천시청,2022-09-23,5060000,경상북도 김천시
신기육교,기타,,시청7길,경상북도 김천시 신음동 920-3,36.135036,128.113991,32.8,10.8,0.0,10.0,5.0,0.0,0.0,Y,엘리베이터,2.0,없음,0.0,2021-09-30,N,보통,제한없음,없음,정기점검,2021-09-30,경상북도 김천시청,2022-09-23,5060000,경상북도 김천시
sk보행육교,시도,,이목로,경기도 수원시 장안구 이목로 24-25,37.3095764,126.9864004,66.3,5.0,,4.8,6.0,,,Y,엘리베이터,,,,, ,양호,제한없음,,정기점검,2021-06-21,경기도 수원시 장안구청,2022-09-30,3740000,경기도 수원시
천천보행육교,시도,,정자로,경기도 수원시 장안구 정자로42번길 52,37.29877142,126.981574,72.0,6.0,,6.0,3.5,,,Y,엘리베이터,,,,, ,보통,제한없음,,정기점검,2021-06-21,경기도 수원시 장안구청,2022-09-30,3740000,경기도 수원시
농수산물센터육교,일반국도,42번,수인로,경기도 수원시 권선구 수인로 330,37.2857316,126.9687174,44.5,5.0,,5.0,4.0,,,Y,엘리베이터,,,,, ,보통,제한없음,,정기점검,2021-05-21,경기도 수원시 권선구청,2022-09-30,3740000,경기도 수원시
서수원육교,일반국도,42번,수인로,경기도 수원시 권선구 수인로 291,37.28262997,126.9701183,50.0,5.0,,5.0,4.0,,,Y,엘리베이터,,,,, ,보통,제한없음,,정기점검,2021-05-21,경기도 수원시 권선구청,2022-09-30,3740000,경기도 수원시
궁촌육교,시도,,덕영대로,경기도 수원시 권선구 덕영대로1323번길 26-14,37.24687115,127.0362901,65.0,5.0,,5.0,5.5,,,Y,엘리베이터+경사로,,,,, ,보통,제한없음,,정기점검,2021-05-21,경기도 수원시 권선구청,2022-09-30,3740000,경기도 수원시
상구운육교,시도,,서부로,경기도 수원시 권선구 서부로 1937,37.28301082,126.9667019,56.0,5.0,,5.0,4.0,,,Y,엘리베이터,,,,, ,보통,제한없음,,정기점검,2021-05-21,경기도 수원시 권선구청,2022-09-30,3740000,경기도 수원시
오현육교,시도,,서수원로,경기도 수원시 권선구 서수원로 220,37.24655721,126.9684672,21.0,5.0,,4.0,4.0,,,Y,엘리베이터,,,,, ,양호,제한없음,,정기점검,2021-05-21,경기도 수원시 권선구청,2022-09-30,3740000,경기도 수원시
솔대육교,시도,,오목천로,경기도 수원시 권선구 오목천로152번길 45,37.2430291,126.9784643,34.0,5.0,,4.0,3.0,,,Y,엘리베이터,,,,, ,양호,제한없음,,정기점검,2021-05-21,경기도 수원시 권선구청,2022-09-30,3740000,경기도 수원시
벌터보도육교,시도,,세화로,경기도 수원시 권선구 세화로161번길 6,37.26631532,126.993018,53.0,5.0,,5.0,3.8,,,Y,엘리베이터,,,,, ,양호,제한없음,,정기점검,2021-05-21,경기도 수원시 권선구청,2022-09-30,3740000,경기도 수원시
동그라미육교,시도,,덕영대로,경기도 수원시 권선구 덕영대로 1357,37.2455422,127.0388226,234.0,5.0,,5.0,3.4,,,Y,엘리베이터,,,,, ,양호,제한없음,,정기점검,2021-05-21,경기도 수원시 권선구청,2022-09-30,3740000,경기도 수원시
세교파출소앞 보도육교,기타,,수목원로,경기도 오산시 세마역로 5,37.180454,127.043843,56.1,4.0,,4.0,4.0,1.2,,Y,엘리베이터+점자블럭,2.0,,,2011-01-01,N,양호,제한없음,승강기보수,정기점검,2019-12-28,경기도 오산시청,2022-09-13,4000000,경기도 오산시
금암초앞 보도육교(8단지 옆),기타,,수목원로,경기도 오산시 수청로 204-20,37.178713,127.045499,39.0,4.0,,4.0,4.0,1.2,,Y,엘리베이터+점자블럭,2.0,,,2010-01-01,N,양호,제한없음,승강기보수,정기점검,2019-12-28,경기도 오산시청,2022-09-13,4000000,경기도 오산시
수청초등학교앞 보도육교,기타,,오산대역로,경기도 오산시 오산대역로 123,37.170033,127.056151,37.0,4.0,,4.0,4.0,1.2,,Y,엘리베이터+점자블럭,2.0,,,2010-01-01,N,양호,제한없음,승강기보수,정기점검,2019-12-28,경기도 오산시청,2022-09-13,4000000,경기도 오산시
16단지앞(국도1) 보도육교,일반국도,1호선,경기대로,경기도 오산시 내삼미로 109,37.172774,127.062813,39.0,4.0,,4.0,4.0,1.2,,Y,엘리베이터+점자블럭,2.0,,,2011-01-01,N,양호,제한없음,,정기점검,2019-12-28,경기도 오산시청,2022-09-13,4000000,경기도 오산시
오산대역(국도1) 보도육교,일반국도,1호선,경기대로,경기도 오산시 청학로 236,37.169115,127.064049,44.4,4.0,,4.0,4.0,1.2,,Y,엘리베이터+점자블럭,2.0,,,2011-01-01,N,양호,제한없음,,정기점검,2019-12-28,경기도 오산시청,2022-09-13,4000000,경기도 오산시
삼미육교,기타,,북삼미로,경기도 오산시 북삼미로 175,37.192029,127.061532,41.0,4.8,,4.5,3.5,1.5,,Y,엘리베이터+점자블럭,2.0,,,2019-10-18,Y,양호,제한없음,,정기점검,2019-10-18,경기도 오산시청,2022-09-13,4000000,경기도 오산시
금천 보도교,시도,,범안로,서울특별시 금천구 범안로 1126,37.466615,126.897695,120.0,,,4.2,2.0,,,Y,엘리베이터,,없음,,2000-09-04, ,보통,제한없음,,정기점검,2021-12-16,서울특별시 금천구청,2022-08-25,3170000,서울특별시 금천구
석수역 앞 보도육교,시도,,시흥대로,서울특별시 금천구 시흥대로 6,37.43430825,126.903577,59.0,,,5.0,3.7,,,Y,엘리베이터,,없음,,2009-06-30, ,보통,제한없음,,정기점검,2021-12-16,서울특별시 금천구청,2022-08-25,3170000,서울특별시 금천구
남서울한양(아)앞 보도육교,구도,,벚꽃로,서울특별시 금천구 시흥대로 165,37.447902,126.900726,49.6,,,0.0,4.5,,,Y,엘리베이터,,없음,,2011-07-31, ,보통,제한없음,,정기점검,2021-12-16,서울특별시 금천구청,2022-08-25,3170000,서울특별시 금천구
한신(아)앞 보도육교,시도,,한내로,서울특별시 금천구 한내로 62,37.455396,126.888885,70.0,,,4.5,4.0,,,Y,엘리베이터,,없음,,1992-12-20, ,보통,제한없음,,정기점검,2021-12-16,서울특별시 금천구청,2022-08-25,3170000,서울특별시 금천구
장기육교1,시도,,김포한강2로,경기도 김포시 장기동 김포한강2로,37.642871,126.664973,26.0,,,5.0,4.2,1.0,6.0,Y,엘리베이터,2.0,없음,,2008-01-01,Y,보통,제한없음,바닥재 교체,정기점검,2022-06-30,경기도 김포시청 도로관리과,2022-11-02,4090000,경기도 김포시
장기육교2,시도,,김포한강1로,경기도 김포시 장기동 김포한강1로,37.641566,126.666898,30.0,,,5.0,5.1,1.0,6.0,Y,엘리베이터,2.0,없음,,2008-01-01,Y,보통,제한없음,바닥재 교체,정기점검,2022-06-30,경기도 김포시청 도로관리과,2022-11-02,4090000,경기도 김포시
고창육교,시도,,김포한강3로,경기도 김포시 장기동 김포한강3로,37.6421535,126.656937,40.0,,,4.5,5.5,1.0,194.0,Y,엘리베이터,2.0,없음,,2014-01-01,Y,보통,제한없음,바닥재 교체,정기점검,2022-06-30,경기도 김포시청 도로관리과,2022-11-02,4090000,경기도 김포시
수정육교,시도,,김포대로,경기도 김포시 운양동 김포대로,37.6475225,126.6774076,52.0,,,4.5,5.5,1.0,107.0,Y,엘리베이터,2.0,없음,,2014-01-01,Y,보통,제한없음,바닥재 교체,정기점검,2022-06-30,경기도 김포시청 도로관리과,2022-11-02,4090000,경기도 김포시
호수육교,시도,,김포한강5로,경기도 김포시 양촌읍 양곡리 김포한강5로,37.6514716,126.6285925,46.0,,,4.5,5.5,1.0,141.0,Y,엘리베이터,2.0,없음,,2014-01-01,Y,보통,제한없음,바닥재 교체,정기점검,2022-06-30,경기도 김포시청 도로관리과,2022-11-02,4090000,경기도 김포시
연대병원 앞 보도육교,시도,,성산로,서울특별시 서대문구 성산로 494-6,37.560975,126.9418556,58.0,,,4.5,4.0,,,Y,엘리베이터,,,,2006-06-30, ,양호,제한없음,,정기점검,2022-10-04,서대문구청,2022-10-31,3120000,서울특별시 서대문구
기업도시 육교 1호,시도,,기업도시로,충청북도 충주시 중앙탑면 기업도시로,37.014285,127.826974,,,,4.5,,,,Y,엘리베이터,,없음,,, ,양호,제한없음,,정기점검,2020-06-23,충청북도 충주시청,2022-10-31,4390000,충청북도 충주시
기업도시 육교 2호,시도,,기업도시3로,충청북도 충주시 주덕읍 기업도시3로,37.006544,127.815413,,,,4.5,,,,Y,엘리베이터,,없음,,, ,양호,제한없음,,정기점검,2020-06-23,충청북도 충주시청,2022-10-31,4390000,충청북도 충주시
금오육교,시도,,백산로,경상북도 구미시 백산로,36.124452,128.336875,61.5,6.0,,4.3,4.0,1.5,20.0,Y,엘리베이터,3.0,캐노피,1.0,2007-01-01,N,양호,제한없음,,정기점검,2022-06-14,경상북도 구미시,2022-10-21,5080000,경상북도 구미시
삼성육교,지방도,514호선,인동가산로,경상북도 구미시 인동가산로,36.107825,128.417745,64.4,18.73,,4.5,4.4,1.5,,Y,엘리베이터,3.0,없음,,2009-02-09,N,양호,제한없음,,정기점검,2022-06-14,경상북도 구미시,2022-10-21,5080000,경상북도 구미시
오천보도육교,일반국도,42번,중부대로,경기도 이천시 마장면 중부대로 133,37.25601404,127.3511666,25.6,5.0,,5.0,2.5,,0.0,Y,엘리베이터+점자블럭,3.0,캐노피+엘리베이터,3.0,,N,보통,제한없음,,정기점검,2021-06-30,경기도 이천시청,2022-09-16,4070000,경기도 이천시
수광보도육교,시도,,경충대로,경기도 이천시 신둔면 경충대로 3122-20,37.30503377,127.4049025,29.0,5.0,,4.8,5.0,,10.0,Y,엘리베이터+점자블럭,3.0,엘리베이터,2.0,,N,보통,제한없음,,정기점검,2021-06-30,경기도 이천시청,2022-09-16,4070000,경기도 이천시
신하보도육교,시도,,경충대로,경기도 이천시 부발읍 경충대로 2243,37.25970848,127.4770612,26.4,5.2,,5.0,3.9,,21.0,Y,엘리베이터+점자블럭,3.0,캐노피+엘리베이터,3.0,,N,보통,제한없음,,정기점검,2021-06-30,경기도 이천시청,2022-09-16,4070000,경기도 이천시
팔봉육교,지방도,720번,무왕로,전라북도 익산시 무왕로 1432,35.96637859,127.0136694,31.0,4.7,,4.5,3.0,1.5,0.0,Y,엘리베이터,2.0,엘리베이터+캐노피,2.0,2010-11-15,Y,양호,제한없음,캐노피 설치,정기점검,2017-10-17,전라북도 익산시청,2022-09-17,4680000,전라북도 익산시
숙위교,시도,,청중로,인천광역시 서구 청라루미로42번길 5-23,37.529925,126.642682,42.0,5.5,,4.5,6.5,1.5,188.0,Y,엘리베이터+경사로,3.0,N,0.0,2012-06-30,Y,보통,제한없음,,정밀점검,2019-06-18,인천광역시 서구,2022-07-20,3560000,인천광역시 서구
문숙교,시도,,청중로,인천광역시 서구 청라사파이로 158,37.529564,126.626104,55.5,5.5,,4.5,6.5,1.5,291.0,Y,엘리베이터+경사로,3.0,N,0.0,2012-06-30,Y,양호,제한없음,,정밀점검,2019-06-18,인천광역시 서구,2022-07-20,3560000,인천광역시 서구
허암교,시도,,경제로,인천광역시 서구 청라동 84-11,37.536383,126.626065,55.5,5.5,,4.5,6.5,1.5,,Y,엘리베이터+경사로,3.0,N,0.0,2012-06-30,Y,양호,제한없음,,정밀점검,2019-06-18,인천광역시 서구,2022-07-20,3560000,인천광역시 서구
삼례육교,기타,25호선,삼례역로,전라북도 완주군 삼례읍 후정리 279-3,35.9070824,127.062021,,,,4.8,,,,Y,엘리베이터,,,,, ,양호,제한없음,,정기점검,2022-11-07,전라북도 완주군 도로교통과,2022-11-24,4720000,전라북도 완주군
혁신도시 육교,시도,3219073번,혁신로,강원도 원주시 반곡동 1914-7,37.32482759,127.9910403,88.0,5.7,,5.5,5.0,1.0,,Y,엘리베이터,1.0,없음,0.0,,N,양호,제한없음,,정기점검,2022-10-24,강원도 원주시청,2022-11-24,4190000,강원도 원주시
호계3동행정복지센터 앞 육교,일반국도,국도1호선,경수대로,경기도 안양시 동안구 경수대로 504,37.3676845,126.9587908,45.6,5.0,,4.3,4.0,1.1,,Y,엘리베이터,1.0,,,2004-02-08,N,양호,제한없음,,정기점검,2019-04-12,경기도 안양시청,2022-11-15,3830000,경기도 안양시
범계동 신동아(아) 앞 육교,시도,,경수대로,경기도 안양시 동안구 경수대로 721,37.3858624,126.9504651,45.0,5.0,,4.5,4.0,1.1,,Y,엘리베이터,1.0,,,1993-06-19,N,양호,제한없음,,정기점검,2019-04-12,경기도 안양시청,2022-11-15,3830000,경기도 안양시
석수역 앞 육교,일반국도,국도1호선,경수대로,경기도 안양시 만안구 경수대로 1430,37.4339014,126.903779,59.0,5.5,,5.0,3.7,1.1,,Y,엘리베이터,1.0,,,2009-06-03,N,양호,제한없음,,정기점검,2019-06-30,경기도 안양시청,2022-11-15,3830000,경기도 안양시
안양남초교 앞 육교,일반국도,국도47호선,흥안대로,경기도 안양시 동안구 흥안대로249번길 18,37.37812652,126.967912,45.3,5.5,,5.0,4.0,1.1,,Y,엘리베이터,1.0,,,1993-09-16,N,양호,제한없음,,정기점검,2019-04-12,경기도 안양시청,2022-11-15,3830000,경기도 안양시
서안양우체국사거리 육교,지방도,국지도57호선,관악대로,경기도 안양시 만안구 안양로 238,37.3945594,126.925384,30.0,4.3,,4.3,5.0,1.1,,Y,엘리베이터,1.0,,,1994-04-10,N,양호,제한없음,,정기점검,2021-11-25,경기도 안양시청,2022-11-15,3830000,경기도 안양시
샘모루초교 앞 육교,지방도,국지도57호선,관악대로,경기도 안양시 동안구 관악대로 133,37.3994214,126.9386655,40.4,5.0,,4.7,4.0,1.1,,Y,엘리베이터,1.0,,,2003-12-05,N,양호,제한없음,,정기점검,2019-04-12,경기도 안양시청,2022-11-15,3830000,경기도 안양시
명학역 앞 육교,시도,,만안로,경기도 안양시 만안구 만안로 19,37.3851652,126.9346205,24.2,6.0,,6.0,5.0,1.1,,Y,엘리베이터,1.0,,,2012-01-13,Y,양호,제한없음,,정기점검,2019-06-30,경기도 안양시청,2022-11-15,3830000,경기도 안양시
진흥 육교,시도,,만안로,경기도 안양시 만안구 만안로 202,37.399255,126.9245448,29.1,6.0,,6.0,6.0,1.1,,Y,엘리베이터,1.0,,,2017-07-12,Y,양호,제한없음,,정기점검,2019-04-19,경기도 안양시청,2022-11-15,3830000,경기도 안양시
펜타힐즈보도육교,시도,,대로1류,경상북도 경산시 펜타힐즈로,35.828473,128.719263,155.4,5.7,,5.0,5.0,1.8,3.0,Y,엘리베이터,2.0,,,2017-01-25,Y,양호,제한없음,,정기점검,2017-01-25,경상북도 경산시청,2022-11-30,5130000,경상북도 경산시
신해보도육교(현진에버빌아파트),일반국도,3호선,경충대로,경기도 여주시 가남읍 신해리 635-56,37.210793,127.541919,41.3,5.1,,4.5,4.0,2.0,0.0,Y,엘리베이터,2.0,,,2009-01-01,Y,양호,제한없음,,정기점검,2018-12-17,국토교통부 수원국토관리사무소,2022-11-01,5700000,경기도 여주시
호계3동 대림(아) 앞 육교,일반국도,국도1호선,경수대로,경기도 안양시 동안구 경수대로 446,37.3632713,126.960806,45.6,5.5,,5.0,4.0,1.1,,Y,엘리베이터,1.0,,,2003-12-27,N,양호,제한없음,,정기점검,2019-04-12,경기도 안양시청,2022-11-15,3830000,경기도 안양시
상현보도육교,일반국도,광로2-1,국도43호선,경기도 용인시 수지구 포은대로 37,37.29946846,127.0647334,130.0,,,4.5,4.5,,,Y,엘리베이터,,,,2012-09-30,N,양호,제한없음,,정기점검,2022-10-19,경기도 용인시 수지구 건설도로과,2022-12-19,4050000,경기도 용인시
신봉초교 앞 보도육교,시도,대로3-1,신봉1로,경기도 용인시 수지구 신봉동 957,37.32900888,127.0677148,34.0,,,4.5,4.5,,,Y,엘리베이터,,,,2016-02-19,N,양호,제한없음,,정기점검,2022-10-19,경기도 용인시 수지구 건설도로과,2022-12-19,4050000,경기도 용인시
꽃메사거리 보도육교,일반국도,중로2-1,국도43호선,경기도 용인시 수지구 동백죽전대로 1066,37.32477086,127.1226031,42.0,,,5.0,2.5,,,Y,엘리베이터,,,,2019-02-11,N,양호,제한없음,,정기점검,2022-10-19,경기도 용인시 수지구 건설도로과,2022-12-19,4050000,경기도 용인시
욱일APT 앞 육교,기타,,충현로,세종특별자치시 조치원읍 충현로 159,36.60293108,127.2941813,150.0,6.3,0.5,5.0,3.0,1.2,36.0,Y,엘리베이터,2.0,없음,0.0,1996-01-01,N,보통,제한없음,없음,정기점검,2021-12-17,세종시 도로관리사업소,2022-11-11,5690000,세종특별자치시
온빛 초 육교,기타,,만남로,세종특별자치시 만남로 174,36.51462797,127.2403716,43.5,4.795,,3.0,3.5,1.1,42.0,Y,엘리베이터,1.0,없음,0.0,2015-11-01,Y,양호,제한없음,없음,정기점검,2021-12-17,세종시 도로관리사업소,2022-11-11,5690000,세종특별자치시
미르 초 육교,기타,,나리로,세종특별자치시 나리로 26-10,36.47313162,127.2544816,65.55,4.8,,3.0,3.0,1.2,52.0,Y,엘리베이터,1.0,없음,0.0,2015-11-01,Y,양호,제한없음,없음,정기점검,2021-12-17,세종시 도로관리사업소,2022-11-11,5690000,세종특별자치시
나래초보행교,기타,,달빛1로,세종특별자치시 달빛1로 108,36.5090014,127.2463514,39.8,5.0,,4.0,3.5,1.4,54.0,Y,엘리베이터,2.0,없음,0.0,2018-09-01,Y,양호,제한없음,없음,정기점검,2021-12-17,세종시 도로관리사업소,2022-11-11,5690000,세종특별자치시
가득초육교,기타,,세종로,세종특별자치시 세종로 941,36.48771564,127.2432312,40.8,5.611,,4.0,6.5,1.1,38.0,Y,엘리베이터,2.0,없음,0.0,2017-11-01,Y,양호,제한없음,없음,정기점검,2021-12-17,세종시 도로관리사업소,2022-11-11,5690000,세종특별자치시
우정교보행육교,시도,,이예로,울산광역시 중구 태화동 이예로,35.559841,129.292801,45.5,,,4.5,3.5,,,Y,엘리베이터,,,,2016-01-01,N,양호,제한없음,,정기점검,2022-06-20,울산광역시청,2022-08-24,6310000,울산광역시
소입현육교,일반국도,19호선,남해대로,경상남도 남해군 남해읍 입현리 1536-3,34.831094,127.905569,20.0,5.0,,4.3,5.0,1.5,,Y,엘리베이터,1.0,,,2020-04-08,Y,양호,제한없음,,정기점검,2020-04-08,경상남도 남해군청 건설교통과,2022-09-23,5430000,경상남도 남해군
대도보도육교,구도,,선릉로,서울특별시 강남구 선릉로 209,37.4926466,127.0533774,26.0,,,4.5,4.0,,,Y,엘리베이터+점자블럭,,,,2005-06-01,N,양호,제한없음,,정기점검,2021-12-17,서울특별시 강남구청,2022-08-11,3220000,서울특별시 강남구
구름다리보도육교,시도,,양재대로,서울특별시 강남구 양재대로 340,37.4716355,127.0525917,41.0,,,4.5,4.3,,,Y,엘리베이터+점자블럭,,,,1996-07-01,N,보통,제한없음,,정기점검,2021-12-17,서울특별시 강남구청,2022-08-11,3220000,서울특별시 강남구
양재보도육교,시도,,양재대로,서울특별시 강남구 양재대로 781,37.49328988,127.0951503,77.0,,,6.5,4.0,,,Y,엘리베이터+점자블럭,,,,2003-12-01,N,보통,제한없음,,정기점검,2021-12-17,서울특별시 강남구청,2022-08-11,3220000,서울특별시 강남구
양재천보도육교,구도,,양재천로,서울특별시 강남구 언주로30길 56,37.48806952,127.0534832,39.0,,,4.6,2.8,,,Y,엘리베이터+점자블럭,,,,2004-04-01,N,보통,제한없음,,정기점검,2021-12-17,서울특별시 강남구청,2022-08-11,3220000,서울특별시 강남구
말죽거리보도육교,시도,,남부순환로,서울특별시 강남구 남부순환로 2633,37.48536752,127.0377727,35.0,,,4.5,4.0,,,Y,엘리베이터+점자블럭,,,,1994-12-01,N,보통,제한없음,,정기점검,2021-12-17,서울특별시 강남구청,2022-08-11,3220000,서울특별시 강남구
가곡초교입구보도육교,시도,5103,강서로,서울특별시 강서구 발산동 655-10,37.556773,126.836942,32.0,5.0,0.0,5.0,4.0,1.2,2.0,Y,엘리베이터,2.0,엘리베이터,2.0,2005-08-01,N,양호,제한없음,없음,정기점검,2022-06-24,서울특별시 강서구청 도로과,2022-08-08,3150000,서울특별시 강서구
스카이파크보도육교,시도,42,개화동로,서울특별시 강서구 방화동 620-260,37.563795,126.806728,54.0,4.7,0.0,4.7,4.5,1.2,2.0,Y,엘리베이터,1.0,엘리베이터,1.0,2011-11-01,N,양호,제한없음,없음,정밀점검,2021-08-13,서울특별시 강서구청 도로과,2022-08-08,3150000,서울특별시 강서구
숭덕초교앞 보도육교,시도,,정릉로,서울특별시 성북구 정릉로 279,37.603501,127.014203,44.6,,,4.5,4.0,,,Y,엘리베이터,2.0,,,, ,양호,제한없음,,정기점검,2022-06-08,서울특별시 성북구청,2022-07-22,3070000,서울특별시 성북구
행당스카이워크,구도,,고산자로2길,서울특별시 성동구 고산자로2길 77,37.55682075,127.0394077,78.5,,,13.3,5.0,,,Y,엘리베이터,2.0,,,,Y,양호,제한없음,,정기점검,2020-04-17,서울특별시 성동구청,2022-08-25,3030000,서울특별시 성동구
광운대역육교,기타,,마들로1길,서울특별시 노원구 마들로1길 44,37.62365522,127.063988,200.0,4.5,,4.5,4.5,,,Y,엘리베이터,,접속계단,,1989-12-25,N,보통,제한없음,,정기점검,2022-04-25,서울특별시 노원구 토목과,2022-08-17,3100000,서울특별시 노원구
삼육육교,기타,,화랑로,서울특별시 노원구 화랑로 815,37.64335737,127.1088503,44.0,4.5,,4.5,4.0,,,Y,엘리베이터,,접속계단,,2009-12-10,N,양호,제한없음,,정기점검,2022-04-25,서울특별시 노원구 토목과,2022-08-17,3100000,서울특별시 노원구
온의육교,시도,대로1-2,경춘로,강원도 춘천시 온의동 산30-8,37.863336,127.719436,34.0,,13.0,0.0,,,,Y,엘리베이터,2.0,,,1997-08-01,N,보통,제한없음,,정기점검,2019-12-19,강원도 춘천시청,2022-08-26,4180000,강원도 춘천시
별내4육교(별내동 주민센터앞육교),시도,대로1-1호선,별내2로,경기도 남양주시 별내3로 64-21,37.64616615,127.1218825,52.5,5.0,,5.0,,,,Y,점자블럭+경사로+엘리베이터,,,,,Y,양호,제한없음,,정기점검,2022-06-15,경기도 남양주시청,2022-08-22,3990000,경기도 남양주시
진접지구보도육교1.2(풍양육교),시도,대로2-1호선,해밀예당1로,경기도 남양주시 진접읍 해밀예당1로 109,37.71884601,127.1910173,46.0,5.9,,5.0,,,,Y,엘리베이터+점자블럭,,,,,N,양호,제한없음,,정기점검,2022-06-15,경기도 남양주시청,2022-08-22,3990000,경기도 남양주시
진접지구보도육교1.2(진접육교),시도,대로2-1호선,해밀예당1로,경기도 남양주시 진접읍 해밀예당1로 53,37.7148201,127.1869758,40.0,5.2,,5.0,,,,Y,엘리베이터+점자블럭,,,,,N,양호,제한없음,,정기점검,2022-06-15,경기도 남양주시청,2022-08-22,3990000,경기도 남양주시
다산육교,시도,대로지금1-1호선,다산지금로,경기도 남양주시 다산지금로 141,37.60023437,127.1743068,55.6,4.5,,5.0,,,,Y,엘리베이터+점자블럭,,,,,Y,양호,제한없음,,정기점검,2022-06-28,경기도 남양주시청,2022-08-22,3990000,경기도 남양주시
도농보도육교,기타,비법정도로,경춘로,경기도 남양주시 경춘로 367-18,37.60577935,127.1551897,23.0,4.0,,4.0,,,,Y,엘리베이터+점자블럭,,,,,N,양호,제한없음,,정기점검,2022-06-28,경기도 남양주시청,2022-08-22,3990000,경기도 남양주시
장승보도육교(의정부국토관리사무소육교현장),시도,23호선,금강로,경기도 남양주시 진접읍 금강로 1573,37.72960264,127.1941977,43.6,5.0,,5.0,,,,Y,엘리베이터+점자블럭,,,,,N,양호,제한없음,,정기점검,2022-06-15,경기도 남양주시청,2022-08-22,3990000,경기도 남양주시
청덕초교앞 보도육교,시도,,정릉로,서울특별시 성북구 정릉로 161,37.608602,126.999603,34.6,,,4.5,3.6,,,Y,엘리베이터,2.0,,,, ,양호,제한없음,,정기점검,2022-06-09,서울특별시 성북구청,2022-07-22,3070000,서울특별시 성북구
국민대앞 보도육교,시도,,정릉로,서울특별시 성북구 정릉로 77,37.609903,126.996101,29.0,,,4.5,3.6,,,Y,엘리베이터,2.0,,,, ,양호,제한없음,,정기점검,2022-06-10,서울특별시 성북구청,2022-07-22,3070000,서울특별시 성북구
한국과학기술원앞 보도육교,시도,,화랑로,서울특별시 성북구 화랑로125,37.604811,127.045503,43.3,,,4.5,2.0,,,Y,엘리베이터,2.0,,,, ,양호,제한없음,,정기점검,2022-06-14,서울특별시 성북구청,2022-07-22,3070000,서울특별시 성북구
금정문화회관 앞,일반국도,7번,중앙로,부산광역시 금정구 중앙대로1805번길 6,35.24524449,129.0926556,53.75,,,4.6,3.0,1.2,,Y,엘리베이터,2.0,,,, ,보통,제한없음,2017.11.  도색 완료,정기점검,2022-11-01,부산광역시 금정구청,2022-11-21,3350000,부산광역시 금정구
버드내마을 아파트 앞 보도육교,시도,,계백로,대전광역시 중구 계백로 1510,36.31577204,127.3883388,32.5,6.0,5.0,5.0,2.5,1.2,9.0,Y,엘리베이터+경사로,1.0,엘리베이터,2.0,2001-11-30,N,보통,제한없음,,정기점검,2022-11-01,대전광역시 중구청,2022-11-17,3650000,대전광역시 중구
안영동 보도육교,시도,,대둔산로,대전광역시 중구 대둔산로128번길 2,36.28231876,127.3763437,37.0,6.0,5.0,5.0,4.0,1.2,11.0,Y,엘리베이터+경사로,1.0,엘리베이터,2.0,2004-12-31,N,보통,제한없음,,정기점검,2022-11-01,대전광역시 중구청,2022-11-17,3650000,대전광역시 중구
고성보도육교,기타,,경부선,대구광역시 북구 고성동1가 95-4,35.878123,128.585014,30.0,8.0,,7.5,4.0,,,Y,엘리베이터,,캐노피,1.0,2015-12-01, ,양호,제한없음,,정기점검,2022-06-24,대구광역시 북구청,2022-10-28,3450000,대구광역시 북구
팔달육교,시도,1-9호선,팔달로,대구광역시 북구 팔달동 130-1,35.898654,128.548255,33.0,5.5,,5.0,3.0,,,Y,엘리베이터,,캐노피,1.0,1992-09-01, ,양호,제한없음,,정기점검,2022-06-24,대구광역시 북구청,2022-10-28,3450000,대구광역시 북구
충장육교,기타,,소원로,경기도 고양시 덕양구 소원로 49,37.61373849,126.8292768,92.0,92.0,,8.0,4.0,,,Y,엘리베이터,1.0,엘리베이터,1.0,2003-01-01,N,양호,제한없음,자전거 핸드레일 설치,정기점검,2022-06-15,경기도 고양시청,2022-11-10,3940000,경기도 고양시
킨텍스 보도육교,시도,100번,킨텍스로,경기도 고양시 일산서구 킨텍스로 217-59,37.66464875,126.7420642,88.8,88.8,,4.5,4.5,,,Y,엘리베이터+경사로,2.0,엘리베이터,1.0,2019-12-31,N,양호,제한없음,,정기점검,2022-06-17,경기도 고양시청,2022-11-10,3940000,경기도 고양시
탄현덕이보도육교,기타,,경의로,경기도 고양시 일산서구 경의로 956,37.70273093,126.760421,37.4,37.4,,4.5,4.0,,,Y,엘리베이터,1.0,엘리베이터,1.0,2020-04-21,N,양호,제한없음,,정기점검,2022-06-17,경기도 고양시청,2022-11-10,3940000,경기도 고양시
탄현역육교,지방도,359번,일현로,경기도 고양시 일산서구 일현로 97-11,37.69507267,126.7621663,43.0,43.0,,4.5,4.0,,,Y,엘리베이터+경사로,2.0,엘리베이터,1.0,2014-04-30,N,양호,제한없음,,정기점검,2022-06-17,경기도 고양시청,2022-11-10,3940000,경기도 고양시
토당초교앞보도육교,시도,71번,행신로,"경기도 고양시 덕양구 행신로 89, 887-8 (토당동)",37.61770701,126.8257797,24.6,24.6,,4.5,4.0,,,Y,엘리베이터,1.0,엘리베이터,1.0,2008-01-01,N,양호,제한없음,바닥 상판 보수,정기점검,2022-06-15,경기도 고양시청,2022-11-10,3940000,경기도 고양시
하이파크1육교,기타,,하이파크로,경기도 고양시 일산서구 하이파크로 113,37.70380951,126.7533094,125.0,125.0,,4.5,9.2,,,Y,엘리베이터+경사로,2.0,엘리베이터,1.0,2012-03-31,N,양호,제한없음,데크 교체,정기점검,2022-06-17,경기도 고양시청,2022-11-10,3940000,경기도 고양시
하이파크2육교,기타,,하이파크로,경기도 고양시 일산서구 하이파크3로 111,37.69977416,126.7510489,121.0,121.0,,4.5,9.2,,,Y,엘리베이터+경사로,2.0,엘리베이터,1.0,2012-03-31,N,양호,제한없음,데크 교체,정기점검,2022-06-17,경기도 고양시청,2022-11-10,3940000,경기도 고양시
하이파크3육교,기타,,하이파크로,경기도 고양시 일산서구 하이파크3로 61,37.69747377,126.7523172,111.0,111.0,,4.5,9.2,,,Y,엘리베이터+경사로,2.0,엘리베이터,1.0,2012-03-31,N,양호,제한없음,,정기점검,2022-06-17,경기도 고양시청,2022-11-10,3940000,경기도 고양시
하이파크4육교,기타,,하이파크로,경기도 고양시 일산서구 하이파크3로 62,37.69811075,126.7555528,116.0,116.0,,4.5,9.2,,,Y,엘리베이터+경사로,2.0,엘리베이터,1.0,2012-03-31,N,양호,제한없음,교대 데크교체,정기점검,2022-06-17,경기도 고양시청,2022-11-10,3940000,경기도 고양시
신정육교,구도,,신정로203번길,울산광역시 남구 신정로203번길,35.54931947,129.3129127,19.3,,,4.5,3.0,,,Y,엘리베이터,1.0,,,2011-05-09, ,보통,제한없음,도장보수공사,정기점검,2022-04-15,울산광역시 남구청,2022-11-18,3700000,울산광역시 남구
서정5보도육교,시도,74번,충경로,"경기도 고양시 덕양구 충경로 156, 1088 501동앞 (행신동, 서정마을5단지아파트)",37.61662518,126.8469549,46.6,46.6,,5.2,6.0,,,Y,엘리베이터,1.0,엘리베이터,1.0,2008-01-01,N,양호,제한없음,,정기점검,2022-06-15,경기도 고양시청,2022-11-10,3940000,경기도 고양시
웨스턴돔육교,시도,62번,정발산로,경기도 고양시 일산동구 정발산로 24,37.65589641,126.7720388,62.0,62.0,,4.5,5.4,,,Y,엘리베이터+경사로,2.0,엘리베이터,1.0,2007-06-09,N,양호,제한없음,단면복구+ 바닥재포장,정기점검,2022-05-16,경기도 고양시청,2022-11-10,3940000,경기도 고양시
위시티1육교,기타,,식사로,경기도 고양시 일산동구 식사로 138,37.67803632,126.8194732,119.3,119.3,,4.5,5.4,,,Y,엘리베이터,1.0,엘리베이터,1.0,2012-03-31,N,양호,제한없음,목재데크보수,정기점검,2022-05-16,경기도 고양시청,2022-11-10,3940000,경기도 고양시
위시티2육교,기타,,위시티로,경기도 고양시 일산동구 위시티4로 46,37.68413609,126.8145837,51.7,51.7,,4.5,5.4,,,Y,엘리베이터,1.0,엘리베이터,1.0,2012-03-31,N,양호,제한없음,,정기점검,2022-05-16,경기도 고양시청,2022-11-10,3940000,경기도 고양시
위시티3육교,기타,,위시티로,경기도 고양시 일산동구 위시티4로 79,37.68156749,126.80744,60.6,60.6,,4.5,5.4,,,Y,엘리베이터+경사로,2.0,엘리베이터,1.0,2012-03-31,N,양호,제한없음,,정기점검,2022-05-16,경기도 고양시청,2022-11-10,3940000,경기도 고양시
위시티4육교,기타,,위시티로,경기도 고양시 일산동구 위시티4로 45,37.67881902,126.8158781,45.1,45.1,,4.5,5.4,,,Y,엘리베이터,1.0,엘리베이터,1.0,2012-03-31,N,양호,제한없음,,정기점검,2022-05-16,경기도 고양시청,2022-11-10,3940000,경기도 고양시
위시티5육교,기타,,위시티로,경기도 고양시 일산동구 위시티로 51,37.67695781,126.8099869,44.3,44.3,,4.5,5.4,,,Y,엘리베이터,1.0,엘리베이터,1.0,2012-03-31,N,양호,제한없음,,정기점검,2022-05-16,경기도 고양시청,2022-11-10,3940000,경기도 고양시
일산M-CITY육교,시도,71번,백마로,경기도 고양시 일산동구 백마로 195,37.65490653,126.7715403,59.1,59.1,,4.5,5.0,,,Y,엘리베이터,1.0,엘리베이터,1.0,2008-01-01,Y,양호,제한없음,,정기점검,2022-05-16,경기도 고양시청,2022-11-10,3940000,경기도 고양시
양지보도육교,시도,대로 2-0,서독로,경기도 광명시 서독로,37.4142839,126.8834102,,4.5,,4.0,,,,Y,엘리베이터,,,,,Y,양호,제한없음,,정기점검,2022-06-02,경기도 광명시청,2022-11-11,3900000,경기도 광명시
광명역세권 보도육교,시도,중로 1-113,서독로,경기도 광명시 서독로,37.41258171,126.8848425,39.0,4.7,,4.0,4.0,,,Y,엘리베이터,,,,,Y,양호,제한없음,,정기점검,2022-06-02,경기도 광명시청,2022-11-11,3900000,경기도 광명시
광명신촌 보도육교,시도,대로 1-3,강남순환고속도로,경기도 광명시 신촌로,37.44915348,126.8942893,53.7,,,4.0,4.0,,,Y,엘리베이터,,,,,Y,양호,제한없음,,정기점검,2022-06-02,경기도 광명시청,2022-11-11,3900000,경기도 광명시
고양관광문화단지 보행육교 TYPE-B 바이우다리,기타,,태극로,경기도 고양시 일산동구 태극로 20,37.6619258,126.7508077,81.9,81.9,,4.5,4.5,,,Y,엘리베이터+경사로,2.0,엘리베이터,1.0,2015-12-02,N,양호,제한없음,,정기점검,2022-05-16,경기도 고양시청,2022-11-10,3940000,경기도 고양시
고양관광문화단지 보행육교 TYPE-C 아름다리,기타,,한류월드로,경기도 고양시 일산동구 한류월드로 281,37.66172442,126.7546265,48.8,48.8,,4.5,4.5,,,Y,엘리베이터+경사로,2.0,엘리베이터,1.0,2015-12-02,N,양호,제한없음,,정기점검,2022-05-16,경기도 고양시청,2022-11-10,3940000,경기도 고양시
고양관광문화단지 보행육교 TYPE-D 설레임다리,기타,,한류월드로,경기도 고양시 일산동구 한류월드로 262,37.66226794,126.7569581,57.0,57.0,,4.5,4.5,,,Y,엘리베이터+경사로,2.0,엘리베이터,1.0,2011-11-30,Y,양호,제한없음,,정기점검,2022-05-16,경기도 고양시청,2022-11-10,3940000,경기도 고양시
고양관광문화단지 학교 앞 보도육교,기타,,한류월드로,경기도 고양시 일산동구 한류월드로 243,37.66012088,126.7583478,41.0,41.0,,4.5,7.3,,,Y,엘리베이터+경사로,2.0,엘리베이터,1.0,2016-12-31,N,양호,제한없음,,정기점검,2022-05-16,경기도 고양시청,2022-11-10,3940000,경기도 고양시
대방이산디엠시티 보도육교,시도,71번,백마로,경기도 고양시 일산동구 백마로 195,37.65490653,126.7715403,47.8,47.8,,4.5,3.0,,,Y,엘리베이터+경사로,2.0,엘리베이터,1.0,2020-04-23,N,양호,제한없음,,정기점검,2022-06-17,경기도 고양시청,2022-11-10,3940000,경기도 고양시
청계육교,일반국도,국도1호선,안양판교로,경기도 의왕시 안양판교로 238,37.38896233,126.9975722,41.0,5.2,,5.0,3.0,1.3,22.0,Y,엘리베이터+점자블럭,3.0,엘리베이터,2.0,2008-12-31,N,양호,제한없음,목재데크재+도장,정기점검,2020-04-02,경기도 의왕시청,2022-11-21,4030000,경기도 의왕시
고천육교,일반국도,국도1호선,경수대로,경기도 의왕시 경수대로 233,37.347615,126.974206,33.0,6.3,,5.0,4.4,1.15,8.0,Y,엘리베이터+점자블럭,3.0,엘리베이터,2.0,2007-12-30,N,양호,제한없음,,정기점검,2020-04-02,경기도 의왕시청,2022-11-21,4030000,경기도 의왕시
오전육교,일반국도,국도1호선,경수대로,경기도 의왕시 경수대로 307,37.353631,126.970361,76.4,6.5,,5.0,4.4,1.17,8.0,Y,엘리베이터+점자블럭,3.0,엘리베이터,2.0,2007-12-30,N,양호,제한없음,목재데크+ 배수관 재설치,정기점검,2020-04-02,경기도 의왕시청,2022-11-21,4030000,경기도 의왕시
의왕역보도육교,일반국도,국도1호선,왕송못동로,경기도 의왕시 왕송못동로 79,37.321324,126.945829,40.0,6.5,,5.0,5.0,1.87,17.0,Y,엘리베이터+경사로,2.0,캐노피+엘리베이터,2.0,,N,양호,제한없음,,정기점검,2020-04-02,경기도 의왕시청,2022-11-21,4030000,경기도 의왕시
포일숲속보도육교,일반국도,국도1호선,성고개로,경기도 의왕시이미로 40,37.40180614,126.9918992,34.0,5.7,,5.5,3.5,1.2,7.0,Y,엘리베이터+점자블럭,3.0,엘리베이터,2.0,,N,양호,제한없음,,정기점검,2020-04-02,경기도 의왕시청,2022-11-21,4030000,경기도 의왕시
의왕톨게이트육교,지방도,지방도309호선,과천봉담도고속화도로,경기도 의왕시 오전로 24,37.347446,126.984456,130.0,5.1,,4.5,2.4,1.95,2.0,Y,엘리베이터,2.0,캐노피+엘리베이터,3.0,2017-12-31,N,양호,제한없음,,정기점검,2020-04-02,경기도 의왕시청,2022-11-21,4030000,경기도 의왕시
햇무리육교,시도,대로 2-11,철산로,경기도 광명시 철산로 13,37.48223337,126.8718214,105.1,5.7,,4.0,3.6,,,Y,엘리베이터,,,,,Y,양호,제한없음,,정기점검,2022-06-02,경기도 광명시청,2022-11-11,3900000,경기도 광명시
미리내육교,시도,대로 2-11,철산로,경기도 광명시 시청로138번안길 18,37.48743655,126.8697004,56.0,6.2,,4.0,3.6,,,Y,엘리베이터,,,,,Y,양호,제한없음,,정기점검,2022-06-02,경기도 광명시청,2022-11-11,3900000,경기도 광명시
소하초교육교,시도,대로 2-1182,금하로,경기도 광명시 소하일로 51,37.44967294,126.8875059,38.0,5.0,,4.0,4.6,,,Y,엘리베이터,,,,,Y,양호,제한없음,,정기점검,2022-06-02,경기도 광명시청,2022-11-11,3900000,경기도 광명시
물결어린이공원육교,시도,대로 2-1183,소하로,경기도 광명시 기아로62번길 16-8,37.43532981,126.8861034,32.0,5.0,,4.0,4.0,,,Y,엘리베이터,,,,,Y,양호,제한없음,,정기점검,2022-06-02,경기도 광명시청,2022-11-11,3900000,경기도 광명시
개금초등학교 앞 육교,시도,광역시도35호선(광로 3-9),가야대로,부산광역시 부산진구 가야대로443번길 29,35.155012,129.021449,90.0,4.5,,4.5,4.0,1.2,10.0,Y,엘리베이터,2.0,난간+가로등+엘리베이터,13.0,2001-11-30,N,보통,제한없음,,정기점검,2022-06-14,부산광역시 부산진구,2022-11-25,3290000,부산광역시 부산진구
진양 메리움 앞 육교,시도,광역시도32호선(광로 3-1),신천대로,부산광역시 부산진구 신천대로 241,35.163309,129.050132,37.5,3.0,,5.0,3.0,1.2,4.0,Y,엘리베이터,2.0,난간+가로등+엘리베이터,7.0,1998-12-31,N,보통,제한없음,,정기점검,2022-06-02,부산광역시 부산진구,2022-11-25,3290000,부산광역시 부산진구
한매육교,지방도,357,남북로,경기도 파주시 목동동 1152-1,37.7294968,126.7375778,52.5,,3.5,4.5,4.5,,,Y,엘리베이터+경사로,4.0,엘리베이터,2.0,,N,보통,제한없음,,정기점검,2022-03-24,경기도 파주시청 도로관리과,2022-11-09,4060000,경기도 파주시
한마루육교,기타,,책향기로,경기도 파주시 목동동 645,37.7294552,126.7472994,47.0,,3.5,4.5,4.5,,,Y,엘리베이터,2.0,엘리베이터,2.0,,N,보통,제한없음,,정기점검,2022-03-24,경기도 파주시청 도로관리과,2022-11-09,4060000,경기도 파주시
짚풀육교,기타,,교하로,경기도 파주시 목동동 926,37.7295354,126.7347078,28.0,,3.5,4.5,4.5,,,Y,엘리베이터,2.0,엘리베이터,2.0,,N,보통,제한없음,,정기점검,2022-03-24,경기도 파주시청 도로관리과,2022-11-09,4060000,경기도 파주시
한울육교,기타,,한울로,경기도 파주시 동패동 1903,37.7113496,126.7367353,28.0,,3.5,4.5,4.5,,,Y,엘리베이터+경사로,4.0,엘리베이터,2.0,,N,보통,제한없음,,정기점검,2022-03-24,경기도 파주시청 도로관리과,2022-11-09,4060000,경기도 파주시
오름육교,기타,,한빛로,경기도 파주시 야당동 990,37.7132071,126.7539104,28.0,,3.5,4.5,4.5,,,Y,엘리베이터,2.0,엘리베이터,2.0,,N,보통,제한없음,,정기점검,2022-03-24,경기도 파주시청 도로관리과,2022-11-09,4060000,경기도 파주시
오솔육교,지방도,359,경의로,경기도 파주시 야당동 998,37.7119839,126.7592107,46.0,,3.5,4.5,4.5,,,Y,엘리베이터+경사로,4.0,엘리베이터,2.0,,N,보통,제한없음,,정기점검,2022-03-24,경기도 파주시청 도로관리과,2022-11-09,4060000,경기도 파주시
한빛육교,기타,,심학산로,경기도 파주시 와동동 1403,37.7169547,126.7537164,33.0,,3.5,4.5,4.5,,,Y,엘리베이터+경사로,4.0,엘리베이터,2.0,,N,보통,제한없음,,정기점검,2022-03-24,경기도 파주시청 도로관리과,2022-11-09,4060000,경기도 파주시
해솔육교,기타,,와석순환로,경기도 파주시 목동동 676,37.7240939,126.7470116,33.0,,3.5,4.5,4.5,,,Y,엘리베이터+경사로,4.0,엘리베이터,2.0,,N,보통,제한없음,,정기점검,2022-03-24,경기도 파주시청 도로관리과,2022-11-09,4060000,경기도 파주시
중동IC 보도육교,시도,,조마루로,경기도 부천시 조마루로 15,37.50244089,126.7452415,693.6,,,7.0,4.5,,,Y,엘리베이터,,,,2003-03-01, ,양호,제한없음,,정기점검,2021-12-21,경기도 부천시 도로관리과,2022-10-24,3860000,경기도 부천시
위브육교,시도,,신흥로,경기도 부천시 신흥로 179,37.49968925,126.7765929,53.5,,,7.0,3.5,,,Y,엘리베이터,,,,2007-08-28, ,양호,제한없음,,정기점검,2021-12-21,경기도 부천시 도로관리과,2022-10-24,3860000,경기도 부천시
소풍육교,시도,,송내대로,경기도 부천시 상동로 87,37.50522295,126.7524151,93.5,,,7.0,9.0,,,Y,엘리베이터,,,,2007-01-01, ,양호,제한없음,,정기점검,2021-12-21,경기도 부천시 도로관리과,2022-10-24,3860000,경기도 부천시
소새울육교,시도,,소사동로,경기도 부천시 은성로 98,37.47033632,126.8006706,37.8,,,7.0,4.0,,,Y,엘리베이터,,,,2008-09-22, ,양호,제한없음,,정기점검,2021-12-21,경기도 부천시 도로관리과,2022-10-24,3860000,경기도 부천시
봉오대로 보도육교,시도,,오정로,경기도 부천시 오정로 253,37.53161297,126.7882086,50.3,,,7.0,5.5,,,Y,엘리베이터,,,,2006-12-31, ,양호,제한없음,,정기점검,2021-12-21,경기도 부천시 도로관리과,2022-10-24,3860000,경기도 부천시
구포역 앞 육교,시도,,낙동대로,부산광역시 북구 낙동대로 1697,35.20667098,128.9964147,42.0,5.2,,5.0,20.0,1.1,,Y,엘리베이터,2.0,,,2005-12-17,N,보통,제한없음,,정기점검,2021-11-30,부산광역시 북구,2022-11-09,3320000,부산광역시 북구
구포역 과선인도 육교,기타,,구포만세길,부산광역시 북구 구포만세길 82,35.2054751,128.9971469,45.0,5.0,,4.0,3.5,1.1,,Y,엘리베이터,2.0,,,2002-01-01,N,보통,제한없음,,정기점검,2021-11-30,부산광역시 북구,2022-11-09,3320000,부산광역시 북구
도시철도 동원역 앞 육교,구도,,금곡대로,부산광역시 북구 금곡대로 575,35.2586474,129.0123927,65.0,5.4,,5.0,3.0,1.1,,Y,엘리베이터,2.0,,,2006-08-22,N,양호,제한없음,,정기점검,2021-11-30,부산광역시 북구,2022-11-09,3320000,부산광역시 북구
동원아파트 앞 육교,시도,,금곡대로,부산광역시 북구 금곡대로 230,35.22876206,129.0129216,54.0,5.2,,5.0,3.0,1.1,,Y,엘리베이터,2.0,,,2003-12-23,N,양호,제한없음,,정기점검,2021-11-30,부산광역시 북구,2022-11-09,3320000,부산광역시 북구
가수원보도육교,일반국도,4,계백로,대전광역시 서구 계백로,36.30457718,127.3509541,45.3,4.8,,4.5,4.0,1.52,,Y,엘리베이터,,,,2011-06-30, ,보통,제한없음,,정기점검,2022-06-29,대전광역시 서구청,2022-12-07,3660000,대전광역시 서구
용소보도육교,구도,,원도안로,대전광역시 서구 원도안로,36.31689917,127.3453385,29.0,5.0,,5.0,5.0,1.1,,Y,엘리베이터,,,,2011-06-30, ,보통,제한없음,,정기점검,2022-06-29,대전광역시 서구청,2022-12-07,3660000,대전광역시 서구
선암보도육교,구도,,구봉로,대전광역시 서구 구봉로,36.299297,127.336078,47.5,5.0,,4.5,4.0,1.1,,Y,엘리베이터,,,,2013-04-30, ,양호,제한없음,,정기점검,2022-06-29,대전광역시 서구청,2022-12-07,3660000,대전광역시 서구
노곡보도육교,구도,,구봉산북로,대전광역시 서구 구봉산북로,36.293834,127.3434584,34.9,5.0,,4.5,4.0,1.1,,Y,엘리베이터,,,,2013-04-30, ,보통,제한없음,,정기점검,2022-06-29,대전광역시 서구청,2022-12-07,3660000,대전광역시 서구
사이언스보도육교,고속국도,0,갑천도시고속도로,대전광역시 서구 갑천도시고속도로,36.3711001,127.3885001,46.0,5.0,,4.5,4.0,1.3,9.0,Y,엘리베이터,,,,2022-06-16, ,양호,제한없음,,정기점검,2022-06-16,대전광역시 서구청,2022-12-07,3660000,대전광역시 서구
양현보도육교,시도,,분당로,경기도 성남시 분당구 분당로,37.38414402,127.1294417,36.0,4.5,,4.5,5.0,,,Y,엘리베이터,2.0,없음,0.0,1994-12-31, ,보통,제한없음,N,정기점검,2022-05-30,경기도 성남시 분당구청,2022-12-01,3780000,경기도 성남시
운중육교,시도,,운중로,경기도 성남시 분당구 운중로,37.38918186,127.0916076,46.0,4.5,,4.5,,,,Y,엘리베이터,2.0,없음,0.0,2009-12-31, ,양호,제한없음,N,정기점검,2022-05-30,경기도 성남시 분당구청,2022-12-01,3780000,경기도 성남시
은하육교,시도,,운중로,경기도 성남시 분당구 운중로,37.38996308,127.0880085,38.0,4.5,,4.5,,,,Y,엘리베이터,2.0,없음,0.0,2009-12-31, ,양호,제한없음,N,정기점검,2022-05-30,경기도 성남시 분당구청,2022-12-01,3780000,경기도 성남시
잿너머육교,시도,,대왕판교로,경기도 성남시 분당규 대왕판교로,37.387883,127.111217,38.0,4.5,,4.5,,,,Y,엘리베이터,2.0,없음,0.0,2009-12-31, ,양호,제한없음,N,정기점검,2022-05-30,경기도 성남시 분당구청,2022-12-01,3780000,경기도 성남시
테크노육교,시도,,판교로,경기도 성남시 분당구 판교로,37.40163712,127.1129778,41.0,4.5,,4.5,,,,Y,엘리베이터,2.0,없음,0.0,2009-12-31, ,양호,제한없음,N,정기점검,2022-05-30,경기도 성남시 분당구청,2022-12-01,3780000,경기도 성남시
하나육교,시도,,운중로,경기도 성남시 분당구 운중로 134-1,37.39158355,127.0705622,44.0,4.5,,4.5,,,,Y,엘리베이터,2.0,없음,0.0,2008-12-31, ,양호,제한없음,N,정기점검,2022-05-30,경기도 성남시 분당구청,2022-12-01,3780000,경기도 성남시
학고개육교,시도,,운중로,경기도 성남시 분당구 운중로 134-1,37.39147997,127.066604,48.0,4.5,,4.5,,,,Y,엘리베이터,2.0,없음,0.0,2008-12-31, ,양호,제한없음,N,정기점검,2022-05-30,경기도 성남시 분당구청,2022-12-01,3780000,경기도 성남시
화랑육교,시도,,대왕판교로,경기도 성남시 분당구 대왕판교로,37.40161535,127.1053203,125.9,4.5,,4.5,8.0,,,Y,엘리베이터,2.0,없음,0.0,2009-12-31, ,양호,제한없음,N,정기점검,2022-05-30,경기도 성남시 분당구청,2022-12-01,3780000,경기도 성남시
나드리육교,기타,,분당도시고속화도로,경기도 성남시 분당구 분당도시고속화도로,37.39456457,127.1129621,58.0,4.5,,4.5,,,,Y,엘리베이터,2.0,없음,0.0,2016-12-31, ,양호,제한없음,N,정기점검,2022-05-30,경기도 성남시 분당구청,2022-12-01,3780000,경기도 성남시
삼평육교,시도,,대왕판교로,경기도 성남시 분당구 대왕판교로606번길 10,37.39460238,127.1096448,68.0,4.5,,4.5,,,,Y,엘리베이터,2.0,없음,0.0,2016-12-31, ,양호,제한없음,N,정기점검,2022-05-30,경기도 성남시 분당구청,2022-12-01,3780000,경기도 성남시
경부선횡단육교,기타,,경부고속도로,경기도 성남시 분당구 경부고속도로 409,37.397839,127.100625,163.2,4.5,,4.5,,,,Y,엘리베이터,2.0,없음,0.0,2013-12-31, ,양호,제한없음,N,정기점검,2022-05-30,경기도 성남시 분당구청,2022-12-01,3780000,경기도 성남시
민락초등학교 앞 육교,시도,광역시도2003,광남로,부산광역시 수영구 광남로 271,35.16066234,129.1283354,56.0,,,4.9,3.0,,,Y,엘리베이터,3.0,,,,N,보통,제한없음,,정기점검,2022-10-04,부산광역시 수영구청,2022-11-25,3380000,부산광역시 수영구
남천동 자유한국당사 앞 육교,시도,광역시도24,황령대로,부산광역시 수영구 황령대로 493,35.138288,129.1079135,31.2,,,4.5,3.0,,,Y,엘리베이터,2.0,,,,N,보통,제한없음,,정기점검,2022-10-04,부산광역시 수영구청,2022-11-25,3380000,부산광역시 수영구
남산2호터널앞보도육교,특별시도,,녹사평대로,서울특별시 용산구 녹사평대로 286,37.54312763,126.9895128,,,,4.5,,,,Y,엘리베이터,,,,,N,보통,제한없음,,정기점검,2022-11-30,서울특별시 용산구청,2022-11-18,3020000,서울특별시 용산구
남산3호터널앞보도육교,특별시도,,녹사평대로,서울특별시 용산구 녹사평대로 246,37.53954866,126.9874766,,,,4.3,,,,Y,엘리베이터,,,,,N,보통,제한없음,,정기점검,2022-11-30,서울특별시 용산구청,2022-11-18,3020000,서울특별시 용산구
녹사평보도육교,특별시도,,녹사평대로,서울특별시 용산구 녹사평대로 지하 195,37.53483097,126.9870294,,,,4.9,,,,Y,엘리베이터,,,,,N,보통,제한없음,,정기점검,2022-11-30,서울특별시 용산구청,2022-11-18,3020000,서울특별시 용산구
서빙고역앞보도육교,시도,,서빙고로,서울특별시 용산구 서빙고로 246,37.51991434,126.9908192,,,,4.5,,,,Y,엘리베이터,,,,,N,보통,제한없음,,정기점검,2022-11-30,서울특별시 용산구청,2022-11-18,3020000,서울특별시 용산구
박달삼거리 육교,시도,,박달로,경기도 안양시 만안구 박달로 480,37.4022931,126.9057586,29.0,5.0,,4.3,4.0,1.1,,Y,엘리베이터,1.0,,,1993-04-23,N,양호,제한없음,,정기점검,2019-04-19,경기도 안양시청,2022-11-15,3830000,경기도 안양시
시청보도육교,시도,3,성남대로,경기도 성남시 중원구 성남대로,37.419248,127.128743,45.0,4.5,,4.5,5.0,1.2,2.0,Y,엘리베이터,2.0,없음,0.0,2016-12-31,Y,양호,제한없음,N,정기점검,2022-04-26,경기도 성남시 중원구청,2022-12-01,3780000,경기도 성남시
궁골육교,시도,,판교로,경기도 성남시 분당구 판교로 323,37.40365572,127.1100603,58.2,4.5,,4.5,4.0,,,Y,엘리베이터,2.0,없음,0.0,2009-12-31, ,양호,제한없음,N,정기점검,2022-05-30,경기도 성남시 분당구청,2022-12-01,3780000,경기도 성남시
까치육교,시도,,운중로,경기도 성남시 분당구 운중로 134-1,37.39151516,127.0796448,38.0,4.5,,4.5,,,,Y,엘리베이터,2.0,없음,0.0,2008-12-31, ,양호,제한없음,N,정기점검,2022-05-30,경기도 성남시 분당구청,2022-12-01,3780000,경기도 성남시
낙생육교,시도,,서현로,경기도 성남시 분당구 판교역로146번길 20,37.39167343,127.1112779,56.0,4.5,,4.5,5.2,,,Y,엘리베이터,2.0,없음,0.0,2009-12-31, ,양호,제한없음,N,정기점검,2022-05-30,경기도 성남시 분당구청,2022-12-01,3780000,경기도 성남시
너더리육교,시도,,운중로,경기도 성남시 분당구 운중로 134-1,37.38824958,127.0990774,49.5,4.5,,4.5,,,,Y,엘리베이터,2.0,없음,0.0,2009-12-31, ,양호,제한없음,N,정기점검,2022-05-30,경기도 성남시 분당구청,2022-12-01,3780000,경기도 성남시
동안육교,시도,,판교역로,경기도 성남시 분당구 판교역로,37.40166905,127.1096799,87.0,4.5,,4.5,7.0,,,Y,엘리베이터,2.0,없음,0.0,2009-12-31, ,양호,제한없음,N,정기점검,2022-05-30,경기도 성남시 분당구청,2022-12-01,3780000,경기도 성남시
동판교육교,시도,,동판교로,경기도 성남시 분당구 동판교로,37.39483246,127.1168343,40.0,4.5,,4.5,,,,Y,엘리베이터,2.0,없음,0.0,2009-12-31, ,양호,제한없음,N,정기점검,2022-05-30,경기도 성남시 분당구청,2022-12-01,3780000,경기도 성남시
뫼루니육교,시도,,운중로,경기도 성남시 분당구 운중로 134-1,37.39119214,127.0829238,44.0,4.5,,4.5,,,,Y,엘리베이터,2.0,없음,0.0,2009-12-31, ,양호,제한없음,N,정기점검,2022-05-30,경기도 성남시 분당구청,2022-12-01,3780000,경기도 성남시
미동육교,시도,,판교로,경기도 성남시 분당구 판교로,37.40318937,127.1023182,71.5,4.5,,4.5,4.0,,,Y,엘리베이터,2.0,없음,0.0,2009-12-31, ,양호,제한없음,N,정기점검,2022-05-30,경기도 성남시 분당구청,2022-12-01,3780000,경기도 성남시
백현육교,기타,,분당도시고속화도로,경기도 성남시 분당구 분당도시고속화도로,37.3895995,127.1129416,52.0,4.5,,4.5,,,,Y,엘리베이터,2.0,없음,0.0,2009-12-31, ,양호,제한없음,N,정기점검,2022-05-30,경기도 성남시 분당구청,2022-12-01,3780000,경기도 성남시
벌말육교,시도,,동판교로,경기도 성남시 분당구 동판교로,37.4020226,127.1168455,43.0,4.5,,4.5,,,,Y,엘리베이터,2.0,없음,0.0,2009-12-31, ,양호,제한없음,N,정기점검,2022-05-30,경기도 성남시 분당구청,2022-12-01,3780000,경기도 성남시
봇들육교,시도,,판교로,경기도 성남시 분당구 판교로,37.40320979,127.107726,81.0,4.5,,4.5,4.0,,,Y,엘리베이터,2.0,없음,0.0,2009-12-31, ,양호,제한없음,N,정기점검,2022-05-30,경기도 성남시 분당구청,2022-12-01,3780000,경기도 성남시
분당보도육교,시도,,서현로,경기도 성남시 분당구 서현로,37.37228031,127.147101,43.0,5.0,,5.0,5.0,,,Y,엘리베이터,2.0,없음,0.0,2009-12-31, ,양호,제한없음,N,정기점검,2022-05-30,경기도 성남시 분당구청,2022-12-01,3780000,경기도 성남시
서판교육교,시도,,운중로,경기도 성남시 분당구 운중로 134-1,37.39169967,127.0729778,44.0,4.5,,4.5,,,,Y,엘리베이터,2.0,없음,0.0,2008-12-31, ,양호,제한없음,N,정기점검,2022-05-30,경기도 성남시 분당구청,2022-12-01,3780000,경기도 성남시
서현보도육교,시도,,분당로,경기도 성남시 분당구 돌마로 482-2,37.38054616,127.1236138,41.0,4.5,,4.5,5.0,,,Y,엘리베이터,2.0,없음,0.0,1997-12-31, ,보통,제한없음,N,정기점검,2022-05-30,경기도 성남시 분당구청,2022-12-01,3780000,경기도 성남시
성내미육교,시도,,판교로,경기도 성남시 분당구 판교로,37.4005708,127.096112,46.0,4.5,,4.5,,,,Y,엘리베이터,2.0,없음,0.0,2009-12-31, ,양호,제한없음,N,정기점검,2022-05-30,경기도 성남시 분당구청,2022-12-01,3780000,경기도 성남시
소사 보도육교,일반국도,38번,서동대로,경기도 평택시 합정동 1-11,36.98994288,127.1211055,34.0,,,5.1,4.0,,,Y,엘리베이터,2.0,엘리베이터+케노피,3.0,,N,양호,제한없음,,정기점검,2021-06-30,경기도 평택시,2022-06-13,3910000,경기도 평택시
용이 보도육교,시도,6호선,이화로,경기도 평택시 용이동 514,36.99852461,127.1446355,46.0,,,4.5,3.4,,,Y,엘리베이터,2.0,엘리베이터+케노피,3.0,,Y,양호,제한없음,,정기점검,2021-06-30,경기도 평택시,2022-06-13,3910000,경기도 평택시
현촌 보도육교,기타,1-101호선,현촌1로,경기도 평택시 용이동 617,36.99897582,127.1320226,33.0,,,4.5,3.0,,,Y,엘리베이터,2.0,엘리베이터+케노피,3.0,,Y,양호,제한없음,,정기점검,2021-06-30,경기도 평택시,2022-06-13,3910000,경기도 평택시
용죽1 보도육교,기타,1-6호선,평남로,경기도 평택시 비전동 1132,36.99423876,127.1202343,45.0,,,5.1,3.5,,,Y,엘리베이터,2.0,엘리베이터+케노피,3.0,,Y,양호,제한없음,,정기점검,2021-06-30,경기도 평택시,2022-06-13,3910000,경기도 평택시
용죽2 보도육교,기타,1-7호선,죽백3로,경기도 평택시 죽백동 825,36.99869289,127.1214347,43.0,,,5.1,3.0,,,Y,엘리베이터,2.0,엘리베이터+케노피,3.0,,Y,양호,제한없음,,정기점검,2021-06-30,경기도 평택시,2022-06-13,3910000,경기도 평택시
용죽3 보도육교,기타,1-10호선,미지정,경기도 평택시 용이동 731,36.99738329,127.1288466,45.0,,,5.1,4.0,,,Y,엘리베이터,2.0,엘리베이터+케노피,3.0,,Y,양호,제한없음,,정기점검,2021-06-30,경기도 평택시,2022-06-13,3910000,경기도 평택시
신흥 보도육교,기타,1-5호선,이화로,경기도 평택시 용이동 753,37.00138001,127.1428089,45.0,,,5.1,4.0,,,Y,엘리베이터,2.0,엘리베이터+케노피,3.0,,Y,양호,제한없음,,정기점검,2021-06-30,경기도 평택시,2022-06-13,3910000,경기도 평택시
장당지구 보도육교,일반국도,1번,경기대로,경기도 평택시 장당동 649,37.04931264,127.0597695,42.0,,,5.0,3.6,,,Y,엘리베이터,2.0,엘리베이터,2.0,,Y,양호,제한없음,,정기점검,2021-06-30,경기도 평택시,2022-06-13,3910000,경기도 평택시
이충지구 보도육교,일반국도,1번,경기대로,경기도 평택시 이충동 423-7,37.05819454,127.0625051,45.0,,,5.1,3.6,,,Y,엘리베이터,2.0,엘리베이터,2.0,,Y,양호,제한없음,,정기점검,2021-06-30,경기도 평택시,2022-06-13,3910000,경기도 평택시
진위 보도육교,일반국도,1번,경기대로,경기도 평택시 진위면 하북리 152-2,37.10979703,127.0634719,36.1,,,5.1,3.4,,,Y,엘리베이터,2.0,엘리베이터,2.0,,Y,양호,제한없음,,정기점검,2021-06-30,경기도 평택시,2022-06-13,3910000,경기도 평택시
청북지구 보도육교1,기타,2-1호선,청북남로,경기도 평택시 청북읍 옥길리 1261,37.01934792,126.9165056,31.5,,,5.1,5.5,,,Y,엘리베이터,2.0,엘리베이터,2.0,,Y,양호,제한없음,,정기점검,2021-06-30,경기도 평택시,2022-06-13,3910000,경기도 평택시
청북지구 보도육교2,기타,1-2호선,안청로1길,경기도 평택시 청북읍 옥길리 1218,37.01516142,126.9142311,24.5,,,4.9,5.0,,,Y,엘리베이터,2.0,엘리베이터,2.0,,Y,양호,제한없음,,정기점검,2021-06-30,경기도 평택시,2022-06-13,3910000,경기도 평택시
청북지구 보도육교3,기타,1-4호선,안청로4길,경기도 평택시 청북읍 옥길리 1231,37.02346233,126.9145025,14.5,,,4.9,5.5,,,Y,엘리베이터,2.0,엘리베이터,2.0,,Y,양호,제한없음,,정기점검,2021-06-30,경기도 평택시,2022-06-13,3910000,경기도 평택시
청북지구 보도육교4,기타,3-1호선,안청로,경기도 평택시 청북읍 옥길리 1198,37.02062614,126.9145315,28.0,,,5.1,5.0,,,Y,엘리베이터,2.0,엘리베이터,2.0,,Y,양호,제한없음,,정기점검,2021-06-30,경기도 평택시,2022-06-13,3910000,경기도 평택시
청북지구 보도육교5,기타,1-1호선,청북남로,경기도 평택시 청북읍 옥길리 1219,37.01846627,126.9127451,21.0,,,4.9,5.0,,,Y,엘리베이터,2.0,엘리베이터,2.0,,Y,양호,제한없음,,정기점검,2021-06-30,경기도 평택시,2022-06-13,3910000,경기도 평택시
청북지구 보도육교6,기타,1-2호선,안청로1길,경기도 평택시 청북읍 옥길리 1215,37.01960195,126.9110499,16.5,,,4.9,5.0,,,Y,엘리베이터,2.0,엘리베이터,2.0,,Y,양호,제한없음,,정기점검,2021-06-30,경기도 평택시,2022-06-13,3910000,경기도 평택시
불당원형육교,기타,광로3-2호,불당대로,충청남도 천안시 서북구 불당동 1446,37.422195,127.630748,206.0,6.0,,4.0,4.0,1.0,110.0,Y,엘리베이터,4.0,,,2010-01-01, ,양호,제한없음,,정기점검,2021-12-16,충청남도 천안시 서북구,2022-06-17,4490000,충청남도 천안시
청운교,기타,광로3-3호,번영로,충청남도 천안시 서북구 번영로 208,37.4314788,127.0708249,45.0,4.0,,4.0,5.0,1.0,116.0,Y,엘리베이터,2.0,,,2016-01-01, ,양호,제한없음,,정기점검,2021-12-16,충청남도 천안시 서북구,2022-06-17,4490000,충청남도 천안시
비산보도 육교,기타,,경부선(철도),대구광역시 서구 통학로52길 14-1,35.8832355,128.5646632,45.0,8.0,,6.5,4.0,1.5,46.0,Y,엘리베이터+점자블럭,1.0,엘리베이터,2.0,2012-01-01, ,양호,사용제한,,정기점검,2020-12-21,대구광역시 서구청,2022-06-10,3430000,대구광역시 서구
원대보도 육교,기타,,경부선(철도),대구광역시 서구 달서로42길15-31,35.88096511,128.5742989,30.0,6.3,,5.5,4.0,1.5,42.0,Y,엘리베이터+점자블럭,1.0,엘리베이터,2.0,2016-01-01, ,양호,사용제한,,정기점검,2020-12-21,대구광역시 서구청,2022-06-10,3430000,대구광역시 서구
금오벽산아파트앞 육교,시도,,금오로,경기도 의정부시 금오로80번길 15,37.75451516,127.0747778,43.0,5.0,,4.5,3.0,,,Y,엘리베이터,2.0,,,,N,양호,제한없음,,정기점검,2021-11-09,경기도 의정부시청,2022-05-31,3820000,경기도 의정부시
가수원보도육교,일반국도,4,계백로,대전광역시 서구 가수원로 106,36.30443775,127.3510038,45.3,4.8,0.0,4.0,4.0,1.5,0.0,Y,엘리베이터,,,,,N,보통,제한없음,,정기점검,2021-12-20,대전광역시,2023-01-05,6300000,대전광역시
용소보도육교,구도,,원도안로,대전광역시 서구 원도안로 160,36.3168958,127.3453566,29.0,5.0,0.0,5.0,5.0,1.1,0.0,Y,엘리베이터,,,,,N,보통,제한없음,,정기점검,2021-12-20,대전광역시,2023-01-05,6300000,대전광역시
노곡보도육교,구도,,구봉산북로,대전광역시 서구 구봉산북로 212,36.29382956,127.3434609,34.9,5.0,0.0,4.0,4.0,1.1,0.0,Y,엘리베이터,,,,,N,보통,제한없음,,정기점검,2021-12-20,대전광역시,2023-01-05,6300000,대전광역시
선암보도육교,구도,,구봉로,대전광역시 서구 구봉로 122,36.29636057,127.3361545,47.5,5.0,0.0,4.0,4.0,1.1,0.0,Y,엘리베이터,,,,,N,양호,제한없음,,정기점검,2021-12-20,대전광역시,2023-01-05,6300000,대전광역시
한남육교,특별시도,,한남로,대전광역시 대덕구 한남로67번길 23-3,36.35130671,127.4195759,87.0,0.0,0.0,5.0,2.0,0.0,0.0,Y,엘리베이터+점자블럭,,,,,N,보통,제한없음,,정기점검,1900-01-01,대전광역시,2023-01-05,6300000,대전광역시
한남육교,특별시도,,한남로67번길,대전광역시 대덕구 한남로67번길 23-4,36.35117327,127.4195789,77.0,0.0,0.0,5.0,2.0,0.0,0.0,Y,엘리베이터+점자블럭,,,,,N,보통,제한없음,,정기점검,1900-01-01,대전광역시,2023-01-05,6300000,대전광역시
대덕테크노밸리보도육교,특별시도,,테크노중앙로,대전광역시 유성구 테크노중앙로 74,36.42488716,127.3936858,25.0,0.0,0.0,5.0,4.0,0.0,0.0,Y,엘리베이터,,,,,N,보통,제한없음,,정기점검,1900-01-01,대전광역시,2023-01-05,6300000,대전광역시
대덕테크노밸리보도육교,특별시도,,테크노중앙로,대전광역시 유성구 테크노중앙로 71,36.42568565,127.3942039,25.0,0.0,0.0,5.0,4.0,0.0,0.0,Y,엘리베이터,,,,,N,보통,제한없음,,정기점검,1900-01-01,대전광역시,2023-01-05,6300000,대전광역시
중앙철도시장육교,특별시도,,대흥로,대전광역시 동구 중앙로200번길 99,36.32646081,127.4341228,6.5,0.0,0.0,4.0,2.0,0.0,0.0,Y,엘리베이터+경사로,,,,,N,보통,제한없음,,정기점검,1900-01-01,대전광역시,2023-01-05,6300000,대전광역시
문화육교,기타,,계백로1654번길,대전광역시 중구 계백로1654번길 130,36.31386988,127.4025105,50.0,0.0,0.0,4.0,1.5,0.0,0.0,Y,엘리베이터,,,,,N,보통,제한없음,,정기점검,1900-01-01,대전광역시,2023-01-05,6300000,대전광역시
화정초교앞 도육교,시도,광로2-3호선,한밭대로,대전광역시 대덕구 한밭대로 1026,36.358064,127.4124963,44.0,,0.5,4.5,4.0,,,Y,엘리베이터,2.0,엘리베이터,2.0,,N,양호,제한없음,,정기점검,2022-05-30,대전광역시 대덕구청,2022-05-31,3680000,대전광역시 대덕구
읍내동보도육교,시도,대로1-2호선,계족로,대전광역시 대덕구 계족로741번길 26,36.377602,127.426872,30.6,,0.5,4.5,4.0,,,Y,엘리베이터,2.0,엘리베이터,2.0,,N,양호,제한없음,,정기점검,2022-05-30,대전광역시 대덕구청,2022-05-31,3680000,대전광역시 대덕구
와동보도육교,시도,대로1-2호선,신탄진로,대전광역시 대덕구 신탄진로188,36.39704069,127.4230697,31.5,,0.5,4.5,4.0,,,Y,엘리베이터,2.0,엘리베이터,2.0,,Y,양호,제한없음,,정기점검,2022-05-30,대전광역시 대덕구청,2022-05-31,3680000,대전광역시 대덕구
신영로타리 보도육교,특별시도,4901번,세검정로9길 1 앞,서울특별시 종로구 세검정로,37.603668,126.961852,111.0,4.7,,4.5,4.0,1.2,14.0,Y,엘리베이터,3.0,없음,0.0,1992-12-28,N,보통,제한없음,,정기점검,2022-03-17,서울특별시 종로구청 도로과,2022-05-24,3000000,서울특별시 종로구
세검 보도육교,특별시도,4901번,세검정로 265 앞,서울특별시 종로구 세검정로,37.602095,126.961137,25.0,4.8,,4.5,3.5,1.2,,Y,엘리베이터,2.0,없음,0.0,2018-05-21,Y,양호,제한없음,신설,정기점검,2022-03-17,서울특별시 종로구청 도로과,2022-05-24,3000000,서울특별시 종로구
서울예고앞 보도육교,특별시도,4901번,평창문화로 65 앞,서울특별시 종로구 평창문화로,37.606153,126.968444,27.0,5.0,,4.7,3.5,1.2,83.0,Y,엘리베이터,2.0,없음,0.0,2018-05-21,Y,양호,제한없음,신설,정기점검,2022-03-17,서울특별시 종로구청 도로과,2022-05-24,3000000,서울특별시 종로구
고척교앞 보도육교,시도,,경인로,서울특별시 구로구 경인로 482,37.4982869,126.8727319,38.0,4.5,,4.5,4.0,1.5,11.0,Y,엘리베이터,2.0,,,2004-02-28, ,보통,제한없음,,정밀점검,2023-01-06,서울특별시 구로구청,2023-01-27,3160000,서울특별시 구로구
구일역앞 보도육교,시도,,서부간선도로,서울특별시 구로구 구일로 110,37.49507493,126.8720091,68.0,4.5,,4.5,3.7,1.5,4.0,Y,엘리베이터,1.0,,,1995-01-01, ,보통,제한없음,,정밀점검,2023-01-06,서울특별시 구로구청,2023-01-27,3160000,서울특별시 구로구
문현교차로육교,시도,,전포대로,부산광역시 남구 전포대로 10,35.1377825,129.0683281,83.0,4.5,,4.8,3.0,,,Y,엘리베이터,,,,1999-09-01, ,양호,제한없음,2020.10. 정비공사,정기점검,2019-03-14,부산광역시 남구청,2023-01-20,3310000,부산광역시 남구
대천중학교앞,시도,,신선로,부산광역시 남구 신선로 491,35.1285448,129.1033023,33.0,4.8,,4.8,2.5,,,Y,엘리베이터,,,,1995-01-01, ,양호,제한없음,2020.01. 정비공사,정기점검,2019-03-14,부산광역시 남구청,2023-01-20,3310000,부산광역시 남구
오륙도길,구도,,오륙도로,부산광역시 남구 오륙도로 85,35.1022182,129.1167677,30.5,5.0,,5.0,3.0,,,Y,엘리베이터,,,,2008-12-01, ,양호,제한없음,,정기점검,2019-03-14,부산광역시 남구청,2023-01-20,3310000,부산광역시 남구
신선대지하차도앞,시도,,신선로,부산광역시 남구 신선로 466,35.1262586,129.1013948,32.8,5.0,,5.0,3.0,,,Y,엘리베이터,,,,2016-01-01, ,양호,제한없음,,정기점검,2019-03-14,부산광역시 남구청,2023-01-20,3310000,부산광역시 남구
중촌시민공원육교,특별시도,,어덕마을로,대전광역시 중구 어덕마을로 113,36.34121168,127.405734,57.0,0.0,0.0,5.0,2.0,0.0,0.0,Y,엘리베이터,,,,,N,보통,제한없음,,정기점검,1900-01-01,대전광역시,2023-01-05,6300000,대전광역시
월드컵대로육교,특별시도,,월드컵대로,대전광역시 유성구 계룡로132번길 62,36.34851635,127.3437547,82.0,0.0,0.0,5.0,4.0,0.0,0.0,Y,엘리베이터,,,,,N,보통,제한없음,,정기점검,1900-01-01,대전광역시,2023-01-05,6300000,대전광역시
원신흥보도육교,특별시도,,원신흥로,대전광역시 유성구 원신흥로55번길 66-25,36.33862935,127.3445289,158.0,0.0,0.0,5.0,5.0,0.0,0.0,Y,엘리베이터+경사로,,,,,N,보통,제한없음,,정기점검,1900-01-01,대전광역시,2023-01-05,6300000,대전광역시
상대보도육교,특별시도,,월드컵대로,대전광역시 유성구 월드컵대로321번길 2,36.34846291,127.3366639,65.0,0.0,0.0,5.0,5.0,0.0,0.0,Y,엘리베이터+경사로,,,,,N,보통,제한없음,,정기점검,1900-01-01,대전광역시,2023-01-05,6300000,대전광역시
원신흥들육교,특별시도,,원신흥로,대전광역시 유성구 도안동로 390-15,36.34033103,127.3502183,57.0,0.0,0.0,5.0,4.0,0.0,0.0,Y,엘리베이터,,,,,N,보통,제한없음,,정기점검,1900-01-01,대전광역시,2023-01-05,6300000,대전광역시
영어교육도시 육교,시도,19호선,글로벌에듀로,제주특별자치도 서귀포시 대정읍 글로벌에듀로 234,33.28997179,126.2872649,82.0,,,5.0,9.0,,,Y,엘리베이터,1.0,엘리베이터,1.0,,N,양호,제한없음,,정밀점검,2011-11-03,제주특별자치도 서귀포시청,2022-12-15,6520000,제주특별자치도 서귀포시
좌천구름다리,기타,,이면도로,부산광역시 동구 성남이로59번길19-2,35.13305555,129.0553872,30.0,8.5,,8.5,3.0,,,Y,엘리베이터,,,,1970-01-01, ,양호,제한없음,,정기점검,2022-12-31,부산광역시 동구청,2022-12-08,3270000,부산광역시 동구
제천역 선상보도육교,국가지원지방도,82번,의림대로,충청북도 제천시 의림대로 1(영천동),37.12887867,128.2042885,250.0,10.0,,3.0,3.3,3.0,,Y,엘리베이터,2.0,,,2020-11-10,Y,양호,제한없음,,정기점검,2022-02-10,충청북도 제천시청,2022-11-30,4400000,충청북도 제천시
덕풍북로 보도육교,시도,188,덕풍북로,경기도 하남시 덕풍북로 100,37.5543847,127.2013921,82.2,,,4.5,,,,Y,엘리베이터+경사로,,,,,Y,우수,제한없음,,정기점검,2022-10-13,경기도 하남시청,2022-12-19,4040000,경기도 하남시
덕풍로 보도육교(1),시도,199,덕풍로,경기도 하남시 덕풍서로 65,37.552943,127.2037608,64.9,,,4.5,,,,Y,엘리베이터+경사로,,,,,Y,양호,제한없음,,정기점검,2022-10-13,경기도 하남시청,2022-12-19,4040000,경기도 하남시
덕풍서로 보도육교,시도,201,덕풍서로,경기도 하남시 덕풍서로 65,37.552943,127.2037608,63.9,,,4.5,,,,Y,엘리베이터+경사로,,,,,Y,양호,제한없음,,정기점검,2022-10-13,경기도 하남시청,2022-12-19,4040000,경기도 하남시
덕풍동로 보도육교,기타,도시계획도로,덕풍동로,경기도 하남시 덕풍동로 110,37.5511015,127.2096552,61.0,,,4.5,,,,Y,엘리베이터+경사로,,,,,Y,우수,제한없음,,정기점검,2022-10-13,경기도 하남시청,2022-12-19,4040000,경기도 하남시
덕풍로 보도육교(2),시도,199,덕풍로,경기도 하남시 덕풍동로 110,37.5511015,127.2096552,64.9,,,4.5,,,,Y,엘리베이터+경사로,,,,,Y,양호,제한없음,,정기점검,2022-10-13,경기도 하남시청,2022-12-19,4040000,경기도 하남시
덕풍남로 보도육교,시도,186,덕풍남로,경기도 하남시 덕풍북로 260,37.54855826,127.209193,53.7,,,4.5,,,,Y,엘리베이터+경사로,,,,,Y,우수,제한없음,,정기점검,2022-10-13,경기도 하남시청,2022-12-19,4040000,경기도 하남시
조정대로 보도육교(1),시도,181,조정대로,경기도 하남시 조정대로 150,37.5535257,127.1946694,39.0,,,4.5,,,,Y,엘리베이터,,,,,Y,우수,제한없음,,정기점검,2022-10-13,경기도 하남시청,2022-12-19,4040000,경기도 하남시
청학육교,시도,,비류대로,인천광역시 연수구 비류대로,37.426685,126.665402,,,,4.9,,,,Y,엘리베이터,,,,, ,양호,제한없음,,정기점검,2022-02-25,인천광역시 연수구청,2022-04-29,3520000,인천광역시 연수구
축현초교육교,시도,,한나루로,인천광역시 연수구 한나루로,37.422744,126.653523,,,,5.0,,,,Y,엘리베이터,,,,, ,양호,제한없음,,정기점검,2022-02-25,인천광역시 연수구청,2022-04-29,3520000,인천광역시 연수구
동막육교,시도,,아암대로,인천광역시 연수구 아암대로,37.395571,126.662275,,,,4.5,,,,Y,엘리베이터,,,,, ,양호,제한없음,,정기점검,2022-02-25,인천광역시 연수구청,2022-04-29,3520000,인천광역시 연수구
미사대로 보도육교(1),시도,176,미사대로,경기도 하남시 미사대로 505,37.55362591,127.2132296,46.0,,,4.7,,,,Y,엘리베이터+경사로,,,,,Y,우수,제한없음,,정기점검,2022-10-13,경기도 하남시청,2022-12-19,4040000,경기도 하남시
미사강변대로 보도육교(1),시도,193,미사강변대로,경기도 하남시 미사강변대로 270,37.57493919,127.1845149,91.4,,,4.7,,,,Y,엘리베이터+경사로,,,,,Y,양호,제한없음,,정기점검,2022-10-13,경기도 하남시청,2022-12-19,4040000,경기도 하남시
아리수로 보도육교,시도,174,아리수로,경기도 하남시 아리수로 600,37.56570022,127.1939062,94.1,,,4.7,,,,Y,엘리베이터+경사로,,,,,Y,양호,제한없음,,정기점검,2022-10-13,경기도 하남시청,2022-12-19,4040000,경기도 하남시
미사강변대로 보도육교(2),시도,193,미사강변대로,경기도 하남시 미사강변대로 135,37.56174338,127.1848254,59.5,,,4.7,,,,Y,엘리베이터+경사로,,,,,Y,양호,제한없음,,정기점검,2022-10-13,경기도 하남시청,2022-12-19,4040000,경기도 하남시
미사강변남로 보도육교,시도,190,미사강변남로,경기도 하남시 미사강변한강로 326-1,37.56191732,127.1996215,74.1,,,4.7,,,,Y,엘리베이터+경사로,,,,,Y,양호,제한없음,,정기점검,2022-10-13,경기도 하남시청,2022-12-19,4040000,경기도 하남시
조정대로 보도육교(2),시도,181,조정대로,경기도 하남시 조정대로 111,37.55333648,127.190478,48.0,,,4.7,,,,Y,엘리베이터+경사로,,,,,Y,양호,제한없음,,정기점검,2022-10-13,경기도 하남시청,2022-12-19,4040000,경기도 하남시
조정대로 보도육교(3),시도,181,조정대로,경기도 하남시 미사강변한강로334번길 70,37.55857099,127.1996957,34.2,,,5.0,,,,Y,엘리베이터+경사로,,,,,Y,양호,제한없음,,정기점검,2022-10-13,경기도 하남시청,2022-12-19,4040000,경기도 하남시
미사대로 보도육교(2),시도,176,미사대로,경기도 하남시 미사대로 261-1,37.57865524,127.1935241,95.8,,,6.0,,,,Y,엘리베이터+경사로,,,,,Y,양호,제한없음,,정기점검,2022-10-13,경기도 하남시청,2022-12-19,4040000,경기도 하남시
위례대로 보도육교,기타,도시계획도로,위례대로,경기도 하남시 위례순환로 343,37.4772169,127.1483118,43.5,,,5.0,,,,Y,엘리베이터,,,,,Y,양호,제한없음,,정기점검,2022-10-13,경기도 하남시청,2022-12-19,4040000,경기도 하남시
신촌초교 앞 보도육교,일반국도,중로2-1,국도43호선,경기도 용인시 수지구 죽전로27번길 14-19,37.32310191,127.1137964,38.0,1.6,,5.0,3.0,,,Y,엘리베이터,,,,2006-09-25,N,양호,제한없음,,정기점검,2022-10-19,경기도 용인시 수지구 건설도로과,2022-12-19,4050000,경기도 용인시
죽전역 보도육교,일반국도,중로2-1,국도43호선,경기도 용인시 수지구 죽전동 1003-406,37.32600723,127.1072693,65.5,,,4.5,2.6,,,Y,엘리베이터+점자블럭,,,,2011-04-04,N,양호,제한없음,,정기점검,2022-10-19,경기도 용인시 수지구 건설도로과,2022-12-19,4050000,경기도 용인시
풍덕천 제4보도육교,일반국도,대로2-3,국도43호선,경기도 용인시 수지구 포은대로 317,37.31549502,127.0873365,48.0,,,4.5,3.5,,,Y,엘리베이터,,,,2007-03-23,N,양호,제한없음,,정기점검,2022-10-19,경기도 용인시 수지구 건설도로과,2022-12-19,4050000,경기도 용인시
풍덕천 제5보도육교,시도,대로2-6,신수로,경기도 용인시 수지구 풍덕천동 741,37.32703851,127.1024981,41.8,1.2,,4.5,3.0,,,Y,엘리베이터,,,,2007-03-23,N,양호,제한없음,,정기점검,2022-10-19,경기도 용인시 수지구 건설도로과,2022-12-19,4050000,경기도 용인시
신봉 보도육교,시도,대로3-7,신봉1로,경기도 용인시 수지구 신봉동 23-5,37.32265084,127.0776376,23.5,0.8,,4.5,3.4,,,Y,엘리베이터,,,,2007-03-23,N,양호,제한없음,,정기점검,2022-10-19,경기도 용인시 수지구 건설도로과,2022-12-19,4050000,경기도 용인시
풍덕천 제1보도육교,시도,대로1-1,수지로,경기도 용인시 수지구 풍덕천동 1008-1,37.32395034,127.0879623,44.0,,,5.5,4.0,,,Y,엘리베이터,,,,2007-03-23,N,양호,제한없음,,정기점검,2022-10-19,경기도 용인시 수지구 건설도로과,2022-12-19,4050000,경기도 용인시
풍덕초교 앞 보도육교,시도,대로1-1,수지로,경기도 용인시 수지구 풍덕천동 664-2,37.33136752,127.0974713,44.0,,,4.5,6.0,,,Y,엘리베이터,,,,2011-04-04,N,양호,제한없음,,정기점검,2022-10-19,경기도 용인시 수지구 건설도로과,2022-12-19,4050000,경기도 용인시
하가지구,시도,,추탄로,전라북도 전주시 덕진구 추탄로 (덕진구 덕진동2가 702),35.8416623,127.110134,42.0,4.5,,4.5,4.0,1.5,,Y,엘리베이터,,,,2010-01-01,N,양호,제한없음,,정기점검,2022-03-31,전라북도 전주시 걷고싶은도시과,2022-04-04,4640000,전라북도 전주시
장재육교,기타,,장재안길,전라북도 전주시 덕진구 장재안길 (덕진구 우아동3가 59-3),35.8514837,127.160705,98.0,6.0,,4.8,4.0,1.5,,Y,엘리베이터,,,,2012-01-01,N,양호,제한없음,,정기점검,2022-03-31,전라북도 전주시 걷고싶은도시과,2022-04-04,4640000,전라북도 전주시
중리하늘다리,시도,,안전로,전라북도 전주시 덕진구 안전로 (덕진구 중동 811),35.8356504,127.058715,39.8,5.0,,4.8,6.0,1.5,,Y,엘리베이터,,,,2014-01-01,N,양호,제한없음,,정기점검,2022-03-31,전라북도 전주시 걷고싶은도시과,2022-04-04,4640000,전라북도 전주시
버드내마을 아파트 앞 보도육교,시도,,계백로,대전광역시 중구 계백로 1508,36.31600744,127.3881365,32.5,6.0,5.0,5.0,2.5,1.2,9.0,Y,엘리베이터+경사로,,,,,N,보통,제한없음,,정기점검,2022-05-01,대전광역시,2023-01-05,6300000,대전광역시
안영동 보도육교,시도,,대둔산로,대전광역시 중구 대둔산로128번길 2,36.28235126,127.375866,37.0,6.0,5.0,5.0,4.0,1.2,11.0,Y,엘리베이터+경사로,,,,,N,보통,제한없음,,정기점검,2022-05-01,대전광역시,2023-01-05,6300000,대전광역시
용신보도육교,시도,,용신로,경기도 안산시 상록구 용신로 298,37.30213565,126.8550899,35.5,,,5.0,3.0,,,Y,엘리베이터,,,,2003-06-30,N,양호,제한없음,,정기점검,2022-05-17,경기도 안산시 상록구청,2022-12-27,3930000,경기도 안산시
건건보도육교,시도,,반월로,경기도 안산시 상록구 반월로 27,37.30323933,126.9028497,40.9,,,5.0,3.0,,,Y,엘리베이터,,,,2003-05-17,N,양호,제한없음,,정기점검,2022-05-17,경기도 안산시 상록구청,2022-12-27,3930000,경기도 안산시
사리보도육교,시도,,해양1로,경기도 안산시 상록구 해양1로 11,37.29492328,126.8257941,51.0,,,4.5,5.0,,,Y,엘리베이터+경사로,,,,2005-12-19,N,양호,제한없음,,정기점검,2022-05-17,경기도 안산시 상록구청,2022-12-27,3930000,경기도 안산시
성포보도육교,시도,,삼일로,경기도 안산시 상록구 삼일로 670,37.32700744,126.8507556,36.0,,,4.8,3.0,,,Y,엘리베이터,,,,2006-04-01,N,양호,제한없음,,정기점검,2022-05-17,경기도 안산시 상록구청,2022-12-27,3930000,경기도 안산시
한대앞역보도육교,시도,,충장로,경기도 안산시 상록구 충장로 337,37.31038189,126.8533807,27.3,,,6.0,3.5,,,Y,엘리베이터,,,,2010-06-01,N,양호,제한없음,,정기점검,2022-05-17,경기도 안산시 상록구청,2022-12-27,3930000,경기도 안산시
부곡나래보도육교,시도,,성호로,경기도 안산시 상록구 성호로 303,37.33020555,126.8590429,80.0,,,4.5,3.0,,,Y,엘리베이터,,,,2016-12-31,N,양호,제한없음,,정기점검,2022-05-17,경기도 안산시 상록구청,2022-12-27,3930000,경기도 안산시
신길보도육교,시도,,중앙대로,경기도 안산시 단원구 중앙대로 397,37.33117947,126.7850035,48.5,5.0,5.0,4.5,4.0,1.2,10.0,Y,엘리베이터,1.0,0,0.0,2010-07-29,N,양호,제한없음,,정기점검,2022-05-31,경기도 안산시 단원구청,2022-12-27,3930000,경기도 안산시
안산역앞보도육교,시도,,중앙대로,경기도 안산시 단원구 중앙대로 441,37.328931,126.7885232,88.0,5.0,5.0,4.5,5.0,1.2,10.0,Y,엘리베이터,1.0,0,0.0,2010-07-29,N,양호,제한없음,,정기점검,2022-05-31,경기도 안산시 단원구청,2022-12-27,3930000,경기도 안산시
큰마을보도육교,일반국도,4,계룡로,대전광역시 서구 계룡로,36.34494939,127.3795425,51.3,5.0,,4.5,4.0,1.0,13.0,Y,엘리베이터+경사로,,,,1996-01-01, ,양호,제한없음,,정기점검,2022-06-29,대전광역시 서구청,2022-12-07,3660000,대전광역시 서구
미단시티육교,시도,,미단중앙로,인천광역시 중구 미단중앙로 47,37.52658683,126.5141918,164.6,4.5,13.5,4.5,2.4,,,Y,엘리베이터+경사로,,,,,N,보통,제한없음,,정기점검,2019-05-01,인천광역시 중구청,2023-01-30,3490000,인천광역시 중구
교연1육교,기타,대로2-1,교연로,충청북도 진천군 덕산읍 두촌리 2826,36.900171,127.540431,,,,5.0,,,,Y,엘리베이터+점자블럭,,,,,Y,양호,제한없음,,정기점검,2021-08-12,충청북도 진천군청 지역개발과,2023-01-11,4450000,충청북도 진천군
교연2육교,기타,대로2-1,교연로,충청북도 진천군 덕산읍 두촌리 2826,36.895871,127.528121,,,,5.0,,,,Y,엘리베이터+점자블럭,,,,,Y,양호,제한없음,,정기점검,2021-08-12,충청북도 진천군청 지역개발과,2023-01-11,4450000,충청북도 진천군
연미육교,기타,대로3-2,연미로,충청북도 진천군 덕산읍 두촌리 2445,36.907341,127.531761,,,,4.5,,,,Y,엘리베이터+점자블럭,,,,,Y,양호,제한없음,,정기점검,2021-08-12,충청북도 진천군청 지역개발과,2023-01-11,4450000,충청북도 진천군
행복육교,기타,,동수북로,인천광역시 부평구 동수북로 63,37.48771459,126.7140859,49.0,5.0,7.5,4.5,3.0,1.2,8.0,Y,엘리베이터,2.0,,,2005-01-02,N,양호,제한없음,,정기점검,2022-12-05,인천광역시 부평구 도로과,2023-01-17,3540000,인천광역시 부평구
한강초교앞보도육교,특별시도,,한강대로,서울특별시 용산구 한강대로 54,37.5254668,126.964704,,,,4.2,,,,Y,엘리베이터,,,,,N,양호,제한없음,,정기점검,2022-11-30,서울특별시 용산구청,2022-11-18,3020000,서울특별시 용산구
한남초교앞보도육교,특별시도,,한남대로,서울특별시 용산구 한남대로 112,37.5392032,127.0055986,,,,4.3,,,,Y,엘리베이터,,,,,N,미흡,제한없음,,정기점검,2022-11-30,서울특별시 용산구청,2022-11-18,3020000,서울특별시 용산구
이촌고가차도,구도,,이촌로,서울특별시 용산구 이촌로 100-8,37.52448791,126.9579667,,,,4.5,,,,Y,엘리베이터,,,,,N,미흡,제한없음,,정기점검,2022-11-30,서울특별시 용산구청,2022-11-18,3020000,서울특별시 용산구
삼산1보도육교,구도,,영성동로,인천광역시 부평구 영성동로18번길 51,37.51819546,126.7497965,31.2,5.0,7.5,4.5,6.5,1.2,0.0,Y,엘리베이터+경사로,4.0,,,2010-01-01,N,양호,제한없음,2015년 삼산1보도육교 합성데크 보수공사,정기점검,2022-12-05,인천광역시 부평구 도로과,2023-01-17,3540000,인천광역시 부평구
삼산2보도육교,시도,,평천로,인천광역시 부평구 평천로 521,37.51655745,126.7485267,70.9,5.0,7.5,4.5,5.5,1.2,0.0,Y,엘리베이터+경사로,4.0,,,2010-01-02,N,양호,제한없음,2019년 삼산2보도육교 정비공사-상판 목재 데크 교체-하부 각파이브 정비,정기점검,2022-12-05,인천광역시 부평구 도로과,2023-01-17,3540000,인천광역시 부평구
용산가족공원보도육교,시도,,서빙고로,서울특별시 용산구 서빙고로 137,37.52470233,126.9777412,,,,9.0,,,,Y,엘리베이터,,,,,N,보통,제한없음,,정기점검,2022-11-30,서울특별시 용산구청,2022-11-18,3020000,서울특별시 용산구
한강중학교앞보도육교,시도,,서빙고로,서울특별시 용산구 서빙고로62길3,37.51974875,126.9938825,,,,4.2,,,,Y,엘리베이터,,,,,N,미흡,제한없음,,정기점검,2022-11-30,서울특별시 용산구청,2022-11-18,3020000,서울특별시 용산구
탑성마을 앞 보도육교,시도,2601번,헌릉로,서울특별시 서초구 헌릉로 137,37.4586838,127.0558256,46.6,,,4.8,4.0,,,Y,엘리베이터,,,,2013-06-30,N,보통,제한없음,,정기점검,2022-11-24,서울특별시 서초구청,2022-12-06,3210000,서울특별시 서초구
우면1구름다리 보도육교,구도,2591번,태봉로,서울특별시 서초구 태봉로 59,37.46471047,127.0237693,52.4,,,0.0,29.2,,,Y,엘리베이터,,,,2012-12-31,N,보통,제한없음,,정기점검,2022-11-24,서울특별시 서초구청,2022-12-06,3210000,서울특별시 서초구
서초보금자리 앞 보도육교,시도,47번,양재대로,서울특별시 서초구 양재대로2길 8,37.4596342,127.0224342,45.0,,,5.0,4.0,,,Y,엘리베이터,,,,2016-01-29,N,양호,제한없음,,정기점검,2022-11-24,서울특별시 서초구청,2022-12-06,3210000,서울특별시 서초구
죽동보도육교,특별시도,,한밭대로,대전광역시 유성구 한밭대로 283,36.36662429,127.3317279,46.0,4.5,0.0,4.0,4.0,0.0,0.0,Y,엘리베이터,,,,,N,미흡,제한없음,,정기점검,2021-08-02,대전광역시,2023-01-05,6300000,대전광역시
월드컵보도육교,특별시도,,한밭대로,대전광역시 유성구 노은동로75번길 12,36.36680701,127.3231748,68.0,6.5,0.0,4.0,4.0,0.0,0.0,Y,엘리베이터,,,,,N,보통,제한없음,,정기점검,2020-08-28,대전광역시,2023-01-05,6300000,대전광역시
화정초교앞 도육교,시도,,한밭대로,대전광역시 대덕구 한밭대로 1025-1,36.35836935,127.4125148,44.0,0.0,0.5,4.0,4.0,0.0,0.0,Y,엘리베이터,,,,,N,양호,제한없음,,정기점검,2022-05-30,대전광역시,2023-01-05,6300000,대전광역시
읍내동보도육교,시도,,계족로,대전광역시 대덕구 계족로740번길 6,36.37734528,127.4271044,30.6,0.0,0.5,4.0,4.0,0.0,0.0,Y,엘리베이터,,,,,N,양호,제한없음,,정기점검,2022-05-30,대전광역시,2023-01-05,6300000,대전광역시
와동보도육교,시도,,신탄진로,대전광역시 대덕구 신탄진로 188,36.39693423,127.422872,31.5,0.0,0.5,4.0,4.0,0.0,0.0,Y,엘리베이터,,,,,Y,양호,제한없음,,정기점검,2022-05-30,대전광역시,2023-01-05,6300000,대전광역시
조례보도육교,시도,,지봉로,전라남도 순천시 조례동 73-11 (조례동),34.952821,127.531859,30.9,,,4.5,3.5,,,Y,엘리베이터,2.0,,,2007-01-01,N,보통,제한없음,,정기점검,2021-12-06,전라남도 순천시청 도로과,2022-03-03,4820000,전라남도 순천시
순천역제1육교,시도,,이수로,전라남도 순천시 조곡동 129-49 (조곡동),34.942875,127.524664,50.0,,,4.5,3.0,,,Y,엘리베이터,2.0,,,2010-01-01,N,보통,제한없음,,정기점검,2021-12-06,전라남도 순천시청 도로과,2022-03-03,4820000,전라남도 순천시
순천역제2육교,시도,,이수1길,전라남도 순천시 덕암동 270-5 (덕암동),34.942816,127.503461,132.0,,,4.5,3.0,,,Y,엘리베이터,2.0,,,2010-01-01,N,보통,제한없음,,정기점검,2021-12-06,전라남도 순천시청 도로과,2022-03-03,4820000,전라남도 순천시
좌야육교,시도,,상성길,전라남도 순천시 해룡면 신대리 2118-5 (해룡면),34.938794,127.542308,31.0,,,4.5,4.0,,,Y,엘리베이터,1.0,,,2012-01-01,N,보통,제한없음,,정기점검,2021-12-06,전라남도 순천시청 도로과,2022-03-03,4820000,전라남도 순천시
양변보도육교,일반국도,23번,천안~서울,경기도 안성시 미양면 보체리 254-5,36.96346402,127.2475563,36.0,,,5.0,,,,Y,엘리베이터,,,,,N,보통,제한없음,,정기점검,2021-06-30,경기도,2021-10-31,4080000,경기도 안성시
만정보도육교,지방도,38번,서산~동해,경기도 안성시 공도읍 만정리 산139-10,37.00301358,127.1765737,26.0,,,5.0,,,,Y,엘리베이터,,,,,N,보통,제한없음,,정기점검,2021-06-30,경기도 안성시청,2021-10-31,4080000,경기도 안성시
효덕1육교,시도,5호선,서문대로,광주광역시 남구 서문대로 625,35.11532682,126.897384,38.8,5.7,,4.8,3.5,,,Y,엘리베이터,2.0,,,,Y,보통,제한없음,,정기점검,2020-12-31,광주광역시남구청,2021-11-01,3610000,광주광역시 남구
행암육교,시도,35호선,효우로,광주광역시 남구 효우2로 20,35.10266055,126.8897524,42.5,5.5,,4.5,4.5,,,Y,엘리베이터,2.0,,,,Y,양호,제한없음,,정기점검,2020-12-31,광주광역시남구청,2021-11-01,3610000,광주광역시 남구
장항선육교,기타,해당없음,철도횡단,충청남도 아산시 어의정로183번길 14,36.7776938,127.017152,,,,7.5,,,,Y,엘리베이터,,,,, ,양호,제한없음,,정기점검,2021-03-26,아산시청,2021-10-01,4520000,충청남도 아산시
갈매중앙육교,시도,66번,갈매중앙로,경기도 구리시 갈매중앙로 86,37.63244035,127.1180029,34.0,6.0,5.0,4.5,4.0,1.2,,Y,엘리베이터,2.0,,,2018-01-01,N,양호,제한없음,,정기점검,2022-04-01,경기도 구리시청,2022-12-06,3980000,경기도 구리시
둔덕육교,시도,해당없음,쌍봉로,전라남도 여수시 쌍봉로 370,34.7674544,127.693913,27.2,4.4,,4.4,3.1,1.5,2.0,Y,엘리베이터,1.0,엘리베이터,2.0,1994-01-01,N,양호,제한없음,,정기점검,2018-11-26,전라남도 여수시청,2020-10-30,4810000,전라남도 여수시
보행1육교,시도,5001,정관로,부산광역시 기장군 정관읍 정관로 423,35.33196766,129.1672729,26.5,5.0,,4.5,6.0,,,Y,엘리베이터+경사로,,,,,N,양호,제한없음,,정기점검,2022-07-07,부산광역시 기장군,2023-01-16,3400000,부산광역시 기장군
보행2육교,시도,5001,정관로,부산광역시 기장군 정관읍 정관로 531,35.32390251,129.1729714,33.0,5.0,,4.5,6.0,,,Y,엘리베이터+경사로,,,,,N,양호,제한없음,,정기점검,2022-07-07,부산광역시 기장군,2023-01-16,3400000,부산광역시 기장군
보행3육교,시도,5001,정관로,부산광역시 기장군 정관읍 정관로 569,35.32170491,129.176269,33.1,5.0,,4.5,6.0,,,Y,엘리베이터+경사로,,,,,N,양호,제한없음,,정기점검,2022-07-07,부산광역시 기장군,2023-01-16,3400000,부산광역시 기장군
보행4육교,시도,5001,정관로,부산광역시 기장군 정관읍 정관로 601,35.32043902,129.1796389,33.1,5.0,,4.5,6.0,,,Y,엘리베이터+경사로,,,,,N,양호,제한없음,,정기점검,2022-07-07,부산광역시 기장군,2023-01-16,3400000,부산광역시 기장군
보행7육교,시도,81,정관중앙로,부산광역시 기장군 정관읍 정관7로 34,35.32180938,129.1786078,38.1,5.0,,4.5,6.0,,,Y,엘리베이터+경사로,,,,,N,양호,제한없음,,정기점검,2022-07-07,부산광역시 기장군,2023-01-16,3400000,부산광역시 기장군
구일우성아파트 앞 보도육교,시도,,남부순환로,서울특별시 구로구 구일로2길 60,37.48975717,126.8770793,66.0,4.3,,4.3,3.5,1.5,13.0,Y,엘리베이터,3.0,,,1988-11-15, ,보통,제한없음,,정밀점검,2023-01-06,서울특별시 구로구청,2023-01-27,3160000,서울특별시 구로구
골말공원 앞 보도육교,시도,,남부순환로,서울특별시 구로구 남부순환로105길 160,37.48306946,126.8856199,40.0,4.8,,4.8,2.8,1.5,7.0,Y,엘리베이터,2.0,,,1977-09-30, ,보통,제한없음,,정밀점검,2023-01-06,서울특별시 구로구청,2023-01-27,3160000,서울특별시 구로구
시전육교,시도,해당없음,새터로,전라남도 여수시 새터로 47,34.7604961,127.674545,23.4,4.8,,4.8,3.0,1.5,2.0,Y,엘리베이터+점자블럭,2.0,엘리베이터,2.0,2004-01-01,N,양호,제한없음,,정기점검,2018-11-26,전라남도 여수시청,2020-10-30,4810000,전라남도 여수시
충민육교,시도,해당없음,충민로,전라남도 여수시 연등1길 130-11,34.757349,127.726236,21.5,5.0,,5.0,3.0,1.5,2.0,Y,엘리베이터+점자블럭,2.0,엘리베이터,2.0,2012-01-01,N,양호,제한없음,,정기점검,2018-11-26,전라남도 여수시청,2020-10-30,4810000,전라남도 여수시
터미널육교,시도,해당없음,좌수영로,전라남도 여수시 좌수영로 268,34.7584145,127.717112,35.0,4.8,,4.8,3.0,1.5,2.0,Y,엘리베이터+점자블럭,2.0,엘리베이터,2.0,2002-01-01,N,양호,제한없음,,정기점검,2018-11-26,전라남도 여수시청,2020-10-30,4810000,전라남도 여수시
한려육교,시도,해당없음,쌍봉로,전라남도 여수시 쌍봉로 316,34.767155,127.689867,33.5,4.5,,4.5,2.0,1.5,2.0,Y,엘리베이터,1.0,엘리베이터,2.0,1997-01-01,N,양호,제한없음,,정기점검,2018-11-26,전라남도 여수시청,2020-10-30,4810000,전라남도 여수시
강서육교,일반국도,36번,가로수로,충청북도 청주시 흥덕구 가로수로,36.6265504,127.4216014,,,,4.8,,,,Y,엘리베이터,2.0,,,, ,양호,제한없음,,정기점검,2019-05-31,청주시 흥덕구청,2020-07-17,5710000,충청북도 청주시
휴암육교,일반국도,36번,가로수로,충청북도 청주시 흥덕구 가로수로,36.6212533,127.4033582,,,,4.8,,,,Y,엘리베이터,2.0,,,, ,양호,제한없음,,정기점검,2019-05-31,청주시 흥덕구청,2020-07-17,5710000,충청북도 청주시
오송육교,시도,1-105,오송생명3로,충청북도 청주시 흥덕구 오송읍 오송생명3로,36.6293826,127.3263202,,,,5.0,,,,Y,엘리베이터+경사로,3.0,,,, ,양호,제한없음,,정기점검,2019-05-31,청주시 흥덕구청,2020-07-17,5710000,충청북도 청주시
센텀파크APT 주변 보도육교 1,구도,,센텀동로,부산광역시 해운대구 재송2로175번길 43,35.17912316,129.1240043,25.0,,,5.0,3.4,,,Y,엘리베이터,,,,2005-01-01,N,양호,제한없음,,정기점검,2022-07-08,부산광역시 해운대구,2022-11-18,3330000,부산광역시 해운대구
센텀파크APT 주변 보도육교 2,구도,,센텀중앙로,부산광역시 해운대구 재송2로175번길 43,35.17859965,129.1230248,37.6,,,4.5,3.4,,,Y,엘리베이터,,,,2005-01-01,N,양호,제한없음,,정기점검,2022-07-08,부산광역시 해운대구,2022-11-18,3330000,부산광역시 해운대구
센텀파크APT 주변 보도육교 4,기타,,센텀북대로,부산광역시 해운대구 재송2로175번길 43,35.17629592,129.1248965,48.7,,,4.5,3.4,,,Y,엘리베이터,,,,2005-01-01,N,양호,제한없음,,정기점검,2022-07-08,부산광역시 해운대구,2022-11-18,3330000,부산광역시 해운대구
센텀중학교 인근 보도육교,구도,,수영강변대로~센텀북대로,부산광역시 해운대구 센텀북대로 32,35.17521672,129.1227173,16.0,,,5.4,3.5,,,Y,엘리베이터,,,,2004-01-01,N,양호,제한없음,,정기점검,2022-07-08,부산광역시 해운대구,2022-11-18,3330000,부산광역시 해운대구
연안여객부두 앞 육교,시도,,대교로,부산광역시 중구 중앙대로42번길 8,35.1011811,129.0374156,50.0,4.5,,4.5,3.0,,,Y,엘리베이터,1.0,,,2001-02-15,Y,양호,제한없음,2020.05.18 누수정비 A=47㎡,정기점검,2021-10-15,부산광역시 중구청 건설과,2022-10-24,3250000,부산광역시 중구
봉래초등학교 앞 육교,시도,,대영로,부산광역시 중구 대영로241-1,35.1123457,129.0372171,35.0,4.0,,4.2,4.0,,,Y,엘리베이터,1.0,,,1988-11-30,Y,양호,제한없음,2019.11.07 탄성포장재 및 도막방수재 설치 A=138㎡,정기점검,2021-10-15,부산광역시 중구청 건설과,2022-10-24,3250000,부산광역시 중구
송도곡각지 앞 육교,시도,1-8호선,대로,부산광역시 서구 충무대로 56,35.078649,129.018301,66.5,6.0,,5.5,3.0,1.2,6.0,Y,엘리베이터,2.0,,,1995-12-31, ,양호,제한없음,2020.08.(재도장 완료),정기점검,2022-05-19,부산광역시 서구청,2022-11-16,3260000,부산광역시 서구
동신초등학교 앞 육교,시도,3-7호선,광로,부산광역시 서구 보수대로 219-1,35.114451,129.019473,35.0,5.0,,4.5,3.0,1.2,6.0,Y,엘리베이터,2.0,,,1986-12-31, ,양호,제한없음,2021.07.(재도장 완료),정기점검,2022-05-19,부산광역시 서구청,2022-11-16,3260000,부산광역시 서구
구덕야구장 앞 육교,시도,3-7호선,광로,부산광역시 서구 동대신동3가 119-21,35.116255,129.017289,50.5,5.0,,4.5,3.5,1.2,4.0,Y,엘리베이터,2.0,,,1986-12-31, ,양호,제한없음,2022.01.(재도장 완료),정기점검,2022-05-19,부산광역시 서구청,2022-11-16,3260000,부산광역시 서구
부산여중 앞 육교,시도,3-7호선,광로,부산광역시 서구 보수대로 276,35.118217,129.015319,35.0,5.0,,4.5,4.0,1.2,4.0,Y,엘리베이터,1.0,,,1986-12-31, ,양호,제한없음,2021.07.(재도장 완료),정기점검,2022-05-19,부산광역시 서구청,2022-11-16,3260000,부산광역시 서구
구덕초등학교 앞 육교,시도,3-7호선,광로,부산광역시 서구 보수대로 312,35.119767,129.012297,34.0,5.5,,5.0,4.0,1.2,3.0,Y,엘리베이터,1.0,,,1986-12-31, ,양호,제한없음,2020.09.(재도장 완료),정기점검,2022-05-19,부산광역시 서구청,2022-11-16,3260000,부산광역시 서구
송도곡각지 앞 육교,시도,1-8호선,대로,부산광역시 서구 충무대로 56,35.078649,129.018301,66.5,6.0,,5.5,3.0,1.2,6.0,Y,엘리베이터,2.0,,,1995-12-31, ,양호,제한없음,2020.08.(재도장 완료),정기점검,2022-05-19,부산광역시 서구청,2022-11-16,3260000,부산광역시 서구
동신초등학교 앞 육교,시도,3-7호선,광로,부산광역시 서구 보수대로 219-1,35.114451,129.019473,35.0,5.0,,4.5,3.0,1.2,6.0,Y,엘리베이터,2.0,,,1986-12-31, ,양호,제한없음,2021.07.(재도장 완료),정기점검,2022-05-19,부산광역시 서구청,2022-11-16,3260000,부산광역시 서구
구덕야구장 앞 육교,시도,3-7호선,광로,부산광역시 서구 동대신동3가 119-21,35.116255,129.017289,50.5,5.0,,4.5,3.5,1.2,4.0,Y,엘리베이터,2.0,,,1986-12-31, ,양호,제한없음,2022.01.(재도장 완료),정기점검,2022-05-19,부산광역시 서구청,2022-11-16,3260000,부산광역시 서구
부산여중 앞 육교,시도,3-7호선,광로,부산광역시 서구 보수대로 276,35.118217,129.015319,35.0,5.0,,4.5,4.0,1.2,4.0,Y,엘리베이터,1.0,,,1986-12-31, ,양호,제한없음,2021.07.(재도장 완료),정기점검,2022-05-19,부산광역시 서구청,2022-11-16,3260000,부산광역시 서구
구덕초등학교 앞 육교,시도,3-7호선,광로,부산광역시 서구 보수대로 312,35.119767,129.012297,34.0,5.5,,5.0,4.0,1.2,3.0,Y,엘리베이터,1.0,,,1986-12-31, ,양호,제한없음,2020.09.(재도장 완료),정기점검,2022-05-19,부산광역시 서구청,2022-11-16,3260000,부산광역시 서구
구평IC육교,지방도,514호선,인동가산로,경상북도 구미시 인동가산로,36.092201,128.450052,121.5,7.275,,4.5,4.0,1.5,,Y,엘리베이터,2.0,캐노피,1.0,2020-02-29,N,양호,제한없음,,정기점검,2022-06-14,경상북도 구미시,2022-10-21,5080000,경상북도 구미시
